Customer_ID,Age,Gender,Region,Membership_Level,Tenure_Months,Monthly_Income_JD,Monthly_Spend_JD,Total_Orders,Average_Order_Value_JD,Days_Since_Last_Purchase,Website_Visits_Last_30_Days,Email_Engagement_Rate,Discount_Usage_Rate,Satisfaction_Score,Support_Tickets_Last_6_Months,Complaint_Flag,Last_Campaign_Response,Payment_Method,Churn
C00370,60,Male,Balqa,Basic,13,1810.15,270.1,12,306.12,10,24,0.393,0.525,5,2,0,0,Digital Wallet,0
C01187,67,Male,Amman,Basic,11,2175.33,87.14,8,109.86,9,18,0.461,0.464,4,1,0,0,Digital Wallet,0
C00806,50,Female,Amman,Silver,48,2087.84,201.9,23,365.24,11,12,0.053,0.083,4,0,0,0,Card,0
C00953,42,Female,Zarqa,Platinum,41,2079.61,233.06,19,490.29,75,13,0.414,0.133,3,1,0,1,Cash,0
C00236,27,Female,Irbid,Platinum,5,1912.7,300.74,7,182.06,67,15,0.297,0.795,5,1,0,0,Cash,0
C00695,19,Female,Other,Silver,84,554.17,106.91,37,248.43,38,10,0.339,0.631,3,1,0,1,Digital Wallet,0
C01167,47,Female,Amman,Gold,22,2070.12,174.0,10,331.26,53,11,0.391,0.662,4,1,0,0,Digital Wallet,0
C00591,54,Female,Amman,Silver,60,2452.97,182.92,28,444.29,37,17,0.074,0.761,4,1,0,0,Bank Transfer,0
C00085,50,Female,Amman,Gold,55,1844.46,155.66,15,424.37,14,15,0.498,0.408,4,2,0,1,Digital Wallet,0
C01025,35,Male,Amman,Silver,19,1878.37,295.11,16,340.89,60,22,0.337,0.751,3,0,0,1,Card,0
C00394,32,Female,Zarqa,Silver,36,1762.57,103.27,12,369.85,12,9,0.511,0.35,4,4,1,0,Card,0
C00290,43,Male,Amman,Platinum,28,2509.61,305.83,17,493.2,3,17,0.275,0.357,5,1,0,0,Bank Transfer,0
C00651,69,Male,Irbid,Gold,51,2082.67,209.05,19,500.0,26,19,0.155,0.351,3,1,0,0,Cash,0
C01098,50,Female,Amman,Silver,15,1356.12,207.86,13,207.94,101,21,0.669,0.779,3,2,0,0,Bank Transfer,1
C00993,24,Male,Zarqa,Silver,8,1682.5,94.95,1,500.0,30,17,0.566,0.325,4,0,0,0,Card,0
C00126,43,Female,Amman,Silver,15,943.45,200.98,10,245.45,69,11,0.038,0.719,3,3,1,1,Card,0
C01182,53,Male,Zarqa,Basic,20,1953.84,478.25,22,408.78,36,29,0.152,0.374,5,0,0,0,Cash,0
C00595,19,Female,Zarqa,Basic,39,1769.25,180.98,20,273.83,2,16,0.777,0.638,3,3,1,0,Card,0
C00566,69,Male,Amman,Gold,40,1615.56,175.89,19,303.0,23,14,0.144,0.831,3,1,0,0,Cash,0
C00060,50,Female,Other,Gold,14,1792.625,231.92,9,358.54,21,11,0.4165,0.296,4,1,0,0,Card,0
C00915,66,Male,Zarqa,Gold,39,2940.64,218.81,15,500.0,19,19,0.385,0.707,3,2,0,1,Cash,0
C00645,64,Female,Other,Silver,5,1811.4,129.55,1,500.0,10,12,0.659,0.866,3,3,1,1,Card,0
C00548,48,Male,Amman,Silver,76,1187.52,219.98,32,409.87,14,10,0.72,0.49,4,1,0,0,Digital Wallet,0
C00417,64,Male,Amman,Gold,50,2696.25,248.68,23,500.0,27,17,0.639,0.15,3,4,1,0,Cash,0
C00008,26,Female,Amman,Silver,24,2316.66,223.32,24,196.62,112,22,0.208,0.446,4,1,0,0,Digital Wallet,0
C00822,70,Female,Amman,Gold,84,1318.01,180.98,41,372.67,8,13,0.233,0.419,2,1,1,0,Card,0
C00094,60,Female,Irbid,Gold,4,2034.12,278.9,7,155.99,24,14,0.296,0.273,3,1,0,0,Cash,1
C00956,56,Male,Zarqa,Basic,40,1921.51,50.54,17,102.9,45,4,0.092,0.649,3,3,1,0,Digital Wallet,0
C00770,40,Male,Amman,Basic,7,1195.41,209.36,6,236.78,15,22,0.599,0.546,4,0,0,0,Digital Wallet,0
C01192,25,Male,Amman,Basic,28,1792.625,89.34,12,197.43,75,9,0.214,0.198,4,2,0,1,Card,0
C00961,20,Male,Other,Basic,21,1350.47,387.2,22,341.88,64,18,0.292,0.051,4,1,0,0,Card,0
C01132,50,Male,Amman,Basic,58,1407.53,134.44,29,246.52,42,9,0.447,0.487,4,3,1,0,Cash,0
C00743,39,Female,Balqa,Platinum,15,1727.28,217.06,6,478.15,23,23,0.616,0.579,3,1,0,1,Cash,0
C00456,27,Male,Balqa,Platinum,33,1699.37,206.43,17,408.56,179,14,0.547,0.16,3,2,0,1,Card,0
C00388,40,Female,Balqa,Basic,53,1190.0,117.17,26,223.56,23,13,0.328,0.777,5,0,0,0,Cash,0
C00392,35,Female,Other,Gold,5,1275.43,281.47,5,254.9,61,17,0.72,0.119,3,3,1,1,Digital Wallet,0
C00252,44,Male,Irbid,Gold,42,2239.98,166.8,19,339.96,53,13,0.189,0.5,4,2,0,0,Card,1
C00902,68,Female,Zarqa,Basic,65,2558.08,158.27,28,359.25,82,9,0.19,0.229,5,1,0,1,Card,1
C01177,23,Male,Balqa,Basic,17,1020.82,183.87,18,123.18,0,12,0.598,0.596,3,1,0,0,Cash,0
C00508,50,Female,Amman,Basic,28,2377.05,139.54,16,237.53,5,16,0.752,0.501,4,3,1,1,Card,0
C00750,61,Female,Irbid,Basic,32,2592.22,90.18,11,242.79,66,7,0.453,0.447,4,2,0,0,Digital Wallet,1
C00112,64,Female,Amman,Platinum,9,2362.61,249.42,5,452.82,5,16,0.551,0.399,2,1,1,1,Card,0
C00732,22,Male,Zarqa,Basic,9,771.05,286.5,10,235.03,105,13,0.672,0.633,3,2,0,1,Cash,1
C00714,38,Female,Zarqa,Basic,51,2184.46,126.85,18,356.12,29,21,0.387,0.569,2,0,1,0,Card,0
C00948,53,Female,Amman,Basic,22,2027.49,142.27,16,177.21,18,14,0.214,0.572,3,4,1,0,Card,0
C00059,58,Female,Irbid,Platinum,14,1746.51,215.23,14,175.78,5,21,0.077,0.448,3,4,1,0,Card,0
C00796,56,Male,Amman,Basic,32,1481.73,111.31,13,236.01,12,13,0.629,0.654,4,0,0,0,Card,0
C00704,28,Male,Amman,Basic,14,1596.46,145.36,7,293.04,43,19,0.601,0.271,3,3,1,1,Card,0
C00423,22,Male,Other,Basic,3,558.52,180.52,6,88.0,12,15,0.392,0.117,4,2,0,0,Digital Wallet,0
C00811,21,Female,Balqa,Gold,13,1252.91,246.91,10,242.84,3,20,0.656,0.25,4,6,1,1,Card,0
C00689,23,Female,Balqa,Silver,60,1743.47,233.97,29,500.0,13,17,0.321,0.477,5,0,0,0,Card,0
C00019,67,Female,Zarqa,Basic,38,2683.63,122.9,16,294.01,54,15,0.489,0.695,3,0,0,0,Bank Transfer,0
C00045,30,Male,Irbid,Basic,25,1451.07,167.9,11,295.53,2,16,0.442,0.807,2,2,0,0,Cash,0
C00331,23,Male,Other,Basic,14,614.67,136.24,5,427.05,8,12,0.4165,0.248,4,3,1,1,Digital Wallet,1
C00230,58,Male,Amman,Gold,15,2365.14,208.08,16,199.23,49,14,0.327,0.763,3,4,1,1,Cash,1
C01003,64,Male,Amman,Basic,35,1999.76,119.86,20,216.04,86,24,0.74,0.364,4,1,0,0,Bank Transfer,0
C00871,56,Male,Zarqa,Silver,15,2403.81,121.62,7,311.67,72,12,0.507,0.535,3,4,1,0,Card,0
C01111,38,Male,Balqa,Silver,57,2161.47,129.87,22,273.14,26,16,0.856,0.395,4,1,0,1,Card,0
C00698,27,Male,Amman,Basic,58,1091.45,183.95,28,371.71,2,17,0.155,0.448,3,2,0,0,Cash,0
C00217,63,Male,Balqa,Basic,31,2479.76,103.09,18,154.59,12,14,0.294,0.573,5,0,0,1,Card,0
C00837,29,Female,Zarqa,Silver,32,1753.41,146.94,14,304.34,167,17,0.282,0.646,4,4,1,0,Cash,1
C00250,23,Female,Irbid,Silver,56,1223.98,136.55,13,500.0,69,12,0.588,0.04,3,3,1,1,Cash,0
C01171,66,Male,Irbid,Gold,14,2200.95,179.18,6,442.43,79,17,0.236,0.039,2,4,1,0,Card,1
C00966,43,Female,Irbid,Basic,5,2548.24,149.98,1,500.0,54,12,0.643,0.586,5,0,0,1,Card,1
C00934,32,Female,Irbid,Basic,4,1643.26,315.6,8,173.85,32,16,0.591,0.824,3,1,0,1,Card,1
C00608,56,Male,Amman,Silver,38,2642.55,179.48,18,399.99,12,14,0.221,0.798,5,0,0,0,Card,0
C00826,61,Female,Irbid,Silver,19,1985.74,180.52,10,328.97,1,16,0.188,0.057,4,1,0,0,Cash,0
C00244,66,Male,Balqa,Basic,18,1955.47,294.32,16,356.56,25,20,0.503,0.53,2,0,1,1,Card,0
C00306,24,Male,Balqa,Gold,13,580.83,152.56,5,370.97,28,17,0.298,0.551,3,2,0,1,Digital Wallet,0
C00569,26,Male,Amman,Basic,17,1129.07,45.98,4,192.49,39,13,0.789,0.468,4,3,1,0,Card,0
C00675,69,Male,Other,Basic,13,2030.39,184.5,10,226.34,53,13,0.23,0.401,3,1,0,0,Card,0
C00053,58,Male,Other,Silver,34,2056.9,233.88,23,395.51,51,21,0.413,0.267,3,1,0,0,Card,0
C00386,35,Female,Irbid,Gold,13,1494.41,192.83,7,377.44,38,14,0.404,0.37,2,5,1,1,Card,0
C00242,39,Female,Amman,Gold,28,1884.28,256.01,14,435.17,58,19,0.4165,0.35,3,5,1,0,Card,1
C00920,25,Female,Amman,Basic,44,2078.63,110.06,17,243.01,27,13,0.4165,0.454,5,0,0,1,Card,0
C00555,30,Female,Amman,Basic,31,1199.54,103.61,13,238.77,13,15,0.688,0.504,4,1,0,0,Digital Wallet,0
C01153,44,Male,Other,Platinum,50,1574.77,283.99,31,415.72,15,12,0.209,0.241,4,1,0,0,Digital Wallet,0
C00615,37,Female,Amman,Silver,14,2013.16,101.59,13,125.09,80,15,0.561,0.386,4,1,0,0,Card,0
C00991,59,Female,Zarqa,Basic,20,2223.54,204.58,13,237.7,19,19,0.401,0.411,3,2,0,1,Card,0
C00730,65,Male,Balqa,Basic,10,2084.79,127.52,10,139.15,45,7,0.583,0.354,3,2,0,1,Cash,0
C00897,22,Male,Amman,Basic,26,1500.06,224.1,18,331.34,17,14,0.268,0.271,4,1,0,0,Digital Wallet,0
C01093,65,Female,Zarqa,Gold,51,2035.76,177.28,24,456.39,10,15,0.618,0.683,3,1,0,0,Card,0
C00836,37,Female,Amman,Silver,18,1291.25,245.43,15,312.71,3,21,0.74,0.772,2,1,0,0,Card,0
C01145,44,Female,Balqa,Gold,14,1527.97,176.63,6,391.48,38,15,0.175,0.574,3,0,0,0,Bank Transfer,0
C00004,23,Female,Amman,Basic,48,2109.44,75.46,21,181.4,1,8,0.224,0.626,2,2,1,1,Card,0
C01002,25,Female,Zarqa,Silver,32,800.0,84.85,15,182.12,24,18,0.373,0.194,5,0,0,1,Card,0
C00835,23,Female,Balqa,Silver,23,2170.77,115.99,9,299.65,157,11,0.284,0.426,4,2,0,0,Digital Wallet,1
C00342,70,Male,Amman,Basic,45,2611.04,121.74,11,452.96,15,12,0.621,0.547,2,1,1,0,Card,0
C00992,25,Male,Irbid,Platinum,37,2440.93,343.5,19,500.0,46,15,0.22,0.607,2,5,1,0,Digital Wallet,0
C01101,24,Male,Balqa,Basic,25,1811.6,228.24,12,491.14,89,13,0.722,0.422,3,2,0,0,Bank Transfer,1
C00752,59,Male,Zarqa,Basic,65,2181.31,147.67,31,313.04,23,12,0.272,0.357,3,1,0,0,Digital Wallet,1
C00930,70,Male,Balqa,Basic,27,2005.53,61.51,10,155.42,10,10,0.502,0.519,4,1,0,0,Card,0
C01071,53,Female,Irbid,Basic,23,1778.25,226.33,9,500.0,72,11,0.659,0.549,5,1,0,0,Digital Wallet,0
C00678,25,Female,Amman,Platinum,39,1791.64,223.17,25,282.94,8,12,0.644,0.854,4,1,0,0,Card,0
C00854,42,Male,Other,Silver,64,1745.64,211.47,31,346.88,138,18,0.616,0.403,4,2,0,0,Card,1
C00592,42,Female,Amman,Gold,30,1002.37,155.76,14,372.74,14,11,0.319,0.91,5,2,0,0,Cash,1
C00604,18,Male,Irbid,Basic,49,1199.09,108.71,19,254.71,4,20,0.215,0.558,4,0,0,0,Bank Transfer,0
C00856,52,Male,Irbid,Silver,84,2115.93,135.02,29,365.7,13,14,0.668,0.643,5,2,0,0,Cash,0
C00739,45,Male,Amman,Platinum,48,1563.51,330.93,34,419.49,11,19,0.451,0.516,3,2,0,0,Digital Wallet,1
C00536,59,Male,Balqa,Gold,14,2018.75,293.59,11,377.86,24,18,0.207,0.333,2,3,1,0,Digital Wallet,1
C00440,30,Male,Amman,Basic,41,470.52,29.31,19,58.62,80,14,0.589,0.527,4,3,1,1,Cash,1
C00829,30,Female,Balqa,Basic,41,2159.19,121.36,16,289.94,33,15,0.884,0.313,4,3,1,1,Card,0
C00277,39,Male,Other,Gold,51,2765.67,229.28,18,500.0,57,14,0.467,0.556,3,1,0,0,Card,0
C00744,51,Female,Balqa,Silver,15,2178.37,276.5,11,418.22,7,23,0.812,0.306,4,2,0,0,Card,0
C01110,47,Male,Amman,Silver,16,997.68,127.52,8,218.63,29,14,0.083,0.309,4,4,1,1,Digital Wallet,0
C00583,57,Female,Amman,Basic,22,1411.57,110.96,11,239.94,74,11,0.676,0.142,4,0,0,1,Digital Wallet,0
C00703,26,Female,Amman,Basic,34,1421.66,173.14,10,500.0,20,14,0.124,0.702,4,4,1,0,Card,0
C00061,43,Male,Amman,Basic,48,1542.71,138.48,32,245.51,11,10,0.214,0.886,5,1,0,0,Bank Transfer,0
C00241,44,Female,Zarqa,Silver,32,2724.76,140.99,18,268.78,8,13,0.622,0.584,5,0,0,0,Digital Wallet,0
C00291,23,Female,Amman,Basic,6,1393.56,150.99,7,131.92,20,17,0.319,0.233,3,3,1,1,Digital Wallet,0
C00003,44,Female,Irbid,Basic,52,1788.0,212.31,19,500.0,69,13,0.324,0.39,3,1,0,0,Digital Wallet,0
C00719,40,Male,Amman,Basic,66,891.89,124.39,23,354.94,23,13,0.604,0.572,3,2,0,1,Cash,0
C00911,62,Female,Other,Basic,22,3191.04,184.39,13,285.06,3,14,0.139,0.676,4,0,0,0,Digital Wallet,0
C00293,39,Female,Amman,Silver,24,1153.68,153.47,13,250.51,22,12,0.554,0.406,4,2,0,1,Card,0
C00364,54,Female,Amman,Silver,24,1976.97,180.52,15,196.53,46,22,0.601,0.189,4,0,0,0,Card,0
C01162,34,Male,Balqa,Silver,84,1245.65,173.44,38,363.8,62,16,0.129,0.55,4,3,1,0,Card,1
C00988,59,Female,Amman,Gold,29,2109.71,183.2,19,222.38,22,15,0.4165,0.833,5,1,0,1,Card,0
C00825,35,Male,Irbid,Gold,58,1916.22,234.64,24,500.0,32,22,0.441,0.473,5,2,0,1,Cash,0
C00974,63,Male,Amman,Basic,28,2009.37,176.18,13,342.6,63,17,0.712,0.755,3,3,1,0,Card,1
C01090,68,Female,Balqa,Basic,28,1171.6,157.97,12,378.3,4,18,0.649,0.791,3,6,1,0,Card,0
C00036,54,Female,Amman,Platinum,22,2583.4,315.33,21,346.2,6,14,0.366,0.465,3,2,0,0,Cash,0
C00454,39,Female,Irbid,Platinum,47,1950.49,370.95,28,500.0,61,21,0.303,0.893,4,0,0,0,Digital Wallet,0
C00633,24,Female,Irbid,Basic,40,930.1,165.74,20,362.31,9,11,0.264,0.2,3,3,1,0,Card,0
C01117,57,Female,Amman,Basic,17,1792.625,108.63,6,258.54,80,12,0.49,0.481,3,2,0,0,Card,0
C00340,20,Male,Amman,Basic,33,1262.99,109.52,17,199.52,34,13,0.568,0.53,3,2,0,0,Digital Wallet,1
C00540,55,Female,Zarqa,Silver,67,1475.97,113.16,26,314.93,148,12,0.4165,0.714,5,1,0,1,Card,1
C00476,22,Male,Irbid,Basic,37,533.82,82.33,16,217.53,30,14,0.453,0.582,5,1,0,1,Cash,0
C00599,48,Female,Balqa,Silver,20,1902.24,366.77,15,483.29,25,16,0.32,0.241,5,2,0,0,Card,0
C00048,44,Male,Balqa,Basic,28,1941.79,167.55,18,296.73,60,19,0.666,0.684,3,1,0,0,Digital Wallet,0
C00249,35,Female,Amman,Gold,28,1316.09,166.8,11,369.22,12,21,0.229,0.073,5,0,0,0,Card,0
C01063,32,Male,Amman,Basic,48,1956.52,175.68,28,277.12,32,25,0.649,0.078,2,3,1,1,Card,0
C00103,26,Female,Amman,Silver,46,1317.78,104.96,24,192.29,54,14,0.437,0.571,4,1,0,0,Card,0
C00171,44,Male,Balqa,Basic,51,1577.92,150.37,16,453.12,83,15,0.391,0.779,3,3,1,1,Card,1
C00149,44,Male,Amman,Silver,9,2048.53,152.02,4,252.6,16,11,0.581,0.413,3,2,0,1,Card,0
C00745,19,Male,Amman,Silver,16,1297.12,254.35,9,395.12,52,15,0.31,0.413,4,1,0,1,Cash,0
C01046,65,Female,Zarqa,Basic,44,1758.74,76.84,16,199.03,59,14,0.261,0.479,3,2,0,1,Card,0
C00015,67,Female,Amman,Silver,26,2384.35,238.35,15,299.11,15,17,0.292,0.588,3,0,0,1,Card,0
C00969,44,Male,Balqa,Silver,63,1754.89,146.26,28,228.58,45,12,0.147,0.609,2,1,0,0,Cash,0
C00677,47,Female,Amman,Silver,59,2265.81,198.75,36,369.5,14,17,0.318,0.388,3,2,0,0,Digital Wallet,0
C01196,65,Male,Zarqa,Gold,9,2084.28,336.15,11,273.25,75,21,0.218,0.743,3,1,0,1,Digital Wallet,0
C00055,34,Male,Amman,Basic,34,1681.04,144.71,9,443.49,12,18,0.538,0.205,3,1,0,0,Card,0
C00529,53,Female,Zarqa,Basic,6,1314.25,87.81,5,104.34,13,18,0.556,0.035,3,4,1,0,Cash,0
C00909,44,Male,Irbid,Silver,20,2345.86,125.54,7,338.01,1,11,0.575,0.152,3,1,0,0,Card,0
C00110,41,Female,Balqa,Silver,51,1271.44,170.34,20,386.89,1,22,0.24,0.688,4,3,1,0,Digital Wallet,0
C00072,22,Female,Other,Silver,13,644.23,192.41,9,274.07,102,18,0.341,0.539,3,5,1,0,Card,0
C00360,49,Female,Zarqa,Silver,19,1560.73,104.24,7,285.88,3,13,0.607,0.508,4,1,0,1,Bank Transfer,0
C01013,34,Male,Balqa,Basic,13,766.99,222.35,7,381.0,62,17,0.708,0.698,2,4,1,1,Cash,1
C00787,47,Male,Amman,Basic,18,943.78,112.76,11,154.88,114,7,0.379,0.489,4,0,0,0,Card,0
C00847,24,Female,Amman,Silver,17,2165.57,193.99,14,215.09,68,22,0.309,0.108,3,1,0,0,Cash,0
C00985,21,Male,Irbid,Basic,22,1585.24,149.45,6,336.28,14,11,0.374,0.326,3,4,1,1,Card,0
C00183,19,Female,Zarqa,Platinum,16,1113.71,269.78,14,250.29,114,16,0.43,0.301,5,0,0,0,Cash,0
C00579,61,Male,Amman,Gold,19,1667.13,202.93,14,279.87,70,19,0.305,0.045,2,1,0,0,Bank Transfer,1
C00549,32,Male,Amman,Basic,49,596.81,161.82,26,236.97,28,16,0.514,0.351,3,1,0,0,Card,0
C00500,36,Male,Zarqa,Platinum,83,2195.68,388.12,40,500.0,10,30,0.493,0.24,3,2,0,1,Card,0
C00426,28,Male,Zarqa,Silver,35,1792.625,113.62,11,380.45,4,13,0.21,0.399,4,3,1,0,Digital Wallet,0
C00852,58,Male,Other,Basic,23,1440.93,273.56,14,464.32,46,16,0.225,0.329,5,0,0,0,Card,0
C01060,26,Female,Zarqa,Silver,44,2297.77,140.55,24,266.17,47,10,0.337,0.817,3,1,0,0,Card,0
C00344,26,Female,Balqa,Platinum,69,1650.17,213.36,29,500.0,54,12,0.338,0.886,3,2,0,0,Digital Wallet,0
C00643,36,Male,Amman,Silver,19,1928.99,147.27,12,207.89,1,7,0.1,0.337,4,1,0,0,Bank Transfer,0
C00347,24,Female,Amman,Basic,28,1470.54,269.03,15,500.0,27,14,0.577,0.653,4,1,0,0,Cash,0
C00488,48,Male,Amman,Basic,28,1643.79,218.54,12,459.82,23,16,0.139,0.392,3,1,0,0,Card,0
C00439,32,Male,Amman,Silver,28,1510.53,333.78,21,437.04,79,16,0.453,0.242,4,1,0,1,Card,1
C00542,60,Male,Balqa,Silver,16,1781.24,190.88,11,237.51,23,16,0.238,0.243,4,1,0,0,Cash,0
C00339,40,Female,Amman,Silver,24,1568.16,154.66,16,236.37,9,21,0.224,0.162,3,2,0,1,Cash,1
C00629,50,Male,Zarqa,Gold,31,2253.25,188.18,18,280.29,174,19,0.765,0.327,3,3,1,1,Card,1
C00318,44,Male,Irbid,Silver,25,1907.18,141.05,6,500.0,24,11,0.63,0.454,4,3,1,0,Cash,1
C00034,56,Male,Amman,Gold,12,1582.48,190.51,6,345.43,18,15,0.358,0.418,5,0,0,0,Digital Wallet,0
C00931,60,Female,Other,Gold,4,2310.31,180.52,5,191.24,13,16,0.457,0.372,3,2,0,0,Digital Wallet,1
C01065,23,Male,Balqa,Basic,24,695.36,138.6,12,247.26,25,21,0.31,0.244,3,3,1,1,Digital Wallet,1
C01089,43,Male,Amman,Platinum,42,2073.01,197.95,14,440.28,14,15,0.494,0.582,3,4,1,1,Card,0
C01123,22,Female,Irbid,Silver,23,447.08,113.27,15,169.89,18,24,0.238,0.594,4,2,0,0,Cash,1
C00498,22,Female,Amman,Gold,9,801.95,148.57,3,433.51,10,14,0.509,0.392,3,2,0,0,Digital Wallet,0
C00995,30,Female,Amman,Platinum,16,2030.09,317.15,15,331.28,0,15,0.225,0.217,4,1,0,0,Bank Transfer,0
C00818,29,Female,Amman,Basic,6,762.42,77.08,5,92.15,4,17,0.263,0.616,4,0,0,0,Card,0
C00221,53,Female,Amman,Basic,46,1421.41,96.68,23,124.58,11,19,0.59,0.665,3,1,0,0,Card,0
C00768,33,Female,Amman,Platinum,50,1525.21,279.79,23,500.0,1,16,0.715,0.28,4,2,0,0,Digital Wallet,0
C00572,62,Male,Balqa,Basic,19,2698.58,170.49,14,271.6,34,16,0.369,0.687,3,0,0,0,Card,0
C00942,70,Male,Irbid,Basic,52,2800.32,250.49,35,260.38,29,13,0.229,0.08,2,0,0,0,Card,0
C00411,24,Female,Irbid,Silver,15,1964.01,107.38,9,179.08,30,10,0.408,0.419,4,0,0,0,Card,1
C00751,46,Male,Zarqa,Basic,7,2238.53,217.68,4,280.33,51,18,0.358,0.866,3,5,1,1,Cash,0
C00352,33,Female,Amman,Gold,31,2373.82,311.75,15,500.0,34,19,0.403,0.727,4,3,1,0,Card,1
C00415,68,Male,Amman,Silver,76,2376.6,491.37,42,500.0,51,21,0.413,0.527,3,3,1,1,Cash,0
C00425,39,Male,Amman,Basic,60,2507.01,122.6,34,251.2,5,16,0.465,0.707,5,1,0,1,Digital Wallet,0
C00773,20,Female,Irbid,Basic,14,529.85,385.33,8,500.0,3,18,0.439,0.475,4,0,0,1,Bank Transfer,0
C00324,24,Male,Zarqa,Basic,16,1571.34,106.03,6,239.41,0,18,0.567,0.296,4,6,1,1,Cash,1
C01114,42,Male,Amman,Basic,61,1902.22,339.86,30,500.0,81,17,0.569,0.765,4,1,0,1,Card,0
C00777,53,Female,Amman,Basic,56,2065.52,120.29,18,352.81,22,220,0.114,0.478,3,4,1,0,Digital Wallet,1
C00012,37,Male,Irbid,Basic,84,1528.79,549.57,58,500.0,9,29,0.417,0.296,4,1,0,0,Digital Wallet,0
C00541,46,Female,Irbid,Silver,33,2039.11,212.17,20,278.52,8,14,0.562,0.636,5,1,0,0,Card,0
C01083,21,Male,Amman,Basic,82,1792.625,82.07,40,144.81,32,13,0.121,0.782,4,0,0,0,Bank Transfer,0
C01059,22,Male,Amman,Basic,19,1118.88,106.77,6,311.01,30,18,0.274,0.155,4,1,0,0,Card,0
C00855,60,Female,Balqa,Basic,26,1979.0,170.46,13,339.28,1,15,0.268,0.084,2,1,1,0,Bank Transfer,1
C00883,35,Female,Balqa,Gold,20,1780.26,306.25,10,500.0,34,28,0.457,0.072,3,1,0,0,Card,0
C00168,62,Male,Balqa,Basic,29,2185.86,76.26,8,281.77,600,16,0.239,0.37,5,0,0,0,Card,1
C00507,39,Female,Irbid,Basic,10,1563.82,244.65,16,153.13,36,12,0.336,0.732,4,3,1,1,Card,0
C01080,68,Female,Irbid,Gold,12,2769.28,227.66,9,214.83,64,21,0.427,0.327,3,3,1,1,Card,0
C00106,19,Female,Zarqa,Silver,55,1246.49,182.16,19,500.0,11,14,0.171,0.441,3,2,0,0,Card,0
C01103,38,Female,Irbid,Basic,50,1624.61,275.29,20,500.0,13,19,0.752,0.023,4,1,0,0,Digital Wallet,0
C00710,66,Female,Irbid,Basic,16,2033.56,78.56,17,73.83,91,9,0.309,0.705,4,2,0,1,Digital Wallet,0
C01138,46,Female,Balqa,Basic,76,1844.29,259.23,33,500.0,14,19,0.562,0.458,3,0,0,0,Card,0
C00552,57,Female,Balqa,Basic,28,1379.64,172.08,14,279.34,19,15,0.662,0.665,3,3,1,1,Card,0
C00912,42,Female,Amman,Basic,38,1984.94,114.65,14,260.01,45,19,0.327,0.646,4,3,1,1,Cash,0
C00935,50,Male,Amman,Silver,61,2073.17,162.73,21,500.0,62,10,0.403,0.48,2,5,1,0,Bank Transfer,0
C00670,59,Male,Amman,Gold,22,1792.625,163.18,15,213.63,49,18,0.604,0.365,4,4,1,0,Card,0
C00781,41,Female,Balqa,Gold,23,2110.66,321.08,19,385.1,5,19,0.401,0.37,3,2,0,0,Digital Wallet,0
C01125,27,Male,Amman,Basic,48,741.13,258.81,16,500.0,18,17,0.491,0.058,3,1,0,1,Card,0
C01077,50,Male,Amman,Basic,35,2026.48,222.67,23,307.85,52,11,0.265,0.107,3,2,0,0,Card,0
C01189,69,Male,Amman,Basic,48,2333.76,262.84,19,500.0,91,16,0.199,0.301,3,3,1,0,Card,1
C00223,52,Male,Amman,Basic,23,2972.98,229.85,14,370.52,29,14,0.47,0.234,4,0,0,0,Card,0
C00218,48,Male,Irbid,Silver,28,1992.53,124.31,15,233.5,102,9,0.654,0.246,3,0,0,1,Digital Wallet,0
C00712,21,Female,Irbid,Basic,27,2156.77,96.6,13,158.0,115,13,0.384,0.221,3,4,1,0,Digital Wallet,0
C00840,41,Female,Irbid,Basic,16,1871.64,176.94,6,479.92,100,15,0.745,0.402,5,0,0,1,Card,0
C00037,63,Male,Irbid,Platinum,31,3020.47,275.32,29,266.9,28,23,0.186,0.414,5,1,0,0,Digital Wallet,0
C00214,53,Male,Zarqa,Platinum,38,1940.05,324.73,28,385.12,24,19,0.34,0.322,3,2,0,1,Digital Wallet,0
C00379,66,Male,Amman,Basic,12,1824.54,128.74,5,324.7,24,16,0.59,0.551,4,0,0,0,Cash,0
C01127,44,Female,Balqa,Basic,12,1583.5,152.73,6,361.64,4,17,0.274,0.331,4,0,0,1,Bank Transfer,0
C00135,31,Male,Irbid,Platinum,20,1582.98,485.64,19,500.0,20,22,0.617,0.711,3,1,0,0,Cash,0
C00113,34,Female,Zarqa,Silver,4,896.13,180.87,8,107.19,7,16,0.648,0.146,4,1,0,0,Card,0
C00206,66,Female,Zarqa,Basic,31,1849.06,235.31,16,456.54,16,12,0.157,0.334,3,1,0,1,Cash,0
C01062,68,Female,Amman,Basic,84,1658.47,76.72,23,206.14,28,10,0.5,0.684,5,1,0,1,Cash,0
C00429,50,Female,Balqa,Gold,6,1151.82,188.6,2,500.0,69,13,0.453,0.121,4,2,0,0,Bank Transfer,0
C00665,25,Male,Amman,Silver,17,1080.28,151.15,8,281.23,12,15,0.473,0.738,4,0,0,1,Card,0
C01170,54,Male,Zarqa,Basic,68,1587.1,94.43,38,154.08,1,13,0.441,0.807,4,0,0,1,Digital Wallet,0
C00684,62,Female,Irbid,Silver,16,2225.49,245.0,13,278.73,44,22,0.3,0.714,4,3,1,0,Digital Wallet,1
C00437,36,Female,Zarqa,Gold,4,1236.38,164.75,7,101.62,143,11,0.663,0.758,4,1,0,1,Card,1
C00574,32,Male,Balqa,Silver,70,2373.6,166.79,29,352.87,1,17,0.649,0.57,4,1,0,0,Card,1
C00817,56,Male,Amman,Platinum,8,1388.22,363.49,13,212.42,45,14,0.658,0.703,3,5,1,0,Cash,1
C01024,20,Female,Zarqa,Silver,24,1175.42,99.47,10,182.55,13,12,0.283,0.234,2,1,1,0,Digital Wallet,0
C00051,62,Male,Irbid,Gold,22,2350.36,223.25,18,261.63,33,14,0.738,0.073,2,0,1,0,Card,0
C00999,51,Male,Amman,Basic,84,2525.02,221.42,33,500.0,6,17,0.425,0.229,4,2,0,0,Card,0
C00617,19,Male,Amman,Silver,20,860.16,246.4,14,398.32,47,12,0.492,0.296,4,2,0,0,Card,0
C00154,25,Female,Other,Basic,20,1609.76,183.69,13,296.4,49,16,0.4165,0.214,5,1,0,0,Cash,0
C00254,36,Male,Irbid,Basic,4,1373.74,147.23,6,90.85,137,20,0.291,0.719,3,4,1,1,Card,1
C00123,69,Male,Amman,Platinum,84,1595.1,389.6,49,490.49,83,19,0.642,0.23,3,2,0,1,Digital Wallet,0
C00590,52,Male,Amman,Silver,23,2318.68,181.7,9,404.16,53,22,0.3,0.245,5,0,0,0,Card,0
C00795,30,Female,Irbid,Basic,41,1414.44,88.06,12,297.98,1,11,0.215,0.445,4,4,1,0,Card,1
C00946,48,Female,Amman,Basic,83,1852.97,144.46,29,433.56,8,13,0.348,0.267,5,0,0,0,Card,0
C01137,69,Male,Zarqa,Gold,33,2873.37,195.91,22,316.7,58,12,0.616,0.432,3,1,0,0,Cash,0
C00311,32,Male,Amman,Gold,18,1361.66,298.74,13,467.2,29,16,0.434,0.566,4,1,0,0,Bank Transfer,1
C00891,39,Female,Amman,Silver,58,1448.87,330.77,30,500.0,81,20,0.499,0.982,4,1,0,0,Card,0
C00903,21,Male,Zarqa,Gold,4,1931.1,299.26,7,182.55,22,22,0.396,0.54,4,2,0,0,Card,0
C00864,47,Male,Balqa,Gold,45,2386.23,266.66,20,500.0,149,18,0.129,0.483,4,3,1,1,Card,0
C00551,65,Male,Irbid,Platinum,14,2662.62,264.37,16,235.42,8,15,0.143,0.663,5,1,0,1,Digital Wallet,1
C01129,47,Male,Amman,Gold,11,1189.86,179.53,9,219.33,8,18,0.12,0.354,4,2,0,0,Card,0
C00547,67,Female,Amman,Gold,63,2886.49,399.78,39,500.0,49,16,0.4165,0.351,3,0,0,0,Bank Transfer,0
C00116,35,Male,Amman,Platinum,8,1416.92,224.86,9,216.43,82,14,0.383,0.482,4,2,0,1,Cash,1
C00952,66,Female,Balqa,Basic,12,2237.83,402.54,20,200.81,22,26,0.083,0.555,4,0,0,0,Cash,0
C00076,52,Female,Zarqa,Gold,77,2010.68,180.52,29,457.72,39,17,0.715,0.43,3,0,0,1,Bank Transfer,0
C00556,29,Female,Amman,Gold,62,1305.38,370.71,37,500.0,18,29,0.481,0.116,3,3,1,1,Card,0
C00436,45,Female,Amman,Basic,6,1592.09,177.4,8,124.03,23,20,0.466,0.44,5,1,0,1,Cash,0
C00789,21,Male,Irbid,Basic,11,986.15,124.94,13,96.06,6,20,0.431,0.621,2,4,1,0,Card,0
C00497,63,Male,Irbid,Silver,24,1218.31,117.27,10,261.86,14,16,0.538,0.651,4,0,0,0,Card,0
C00479,55,Female,Amman,Basic,22,2168.51,210.1,19,203.68,171,11,0.171,0.309,1,1,1,1,Cash,1
C00910,29,Male,Zarqa,Basic,32,911.06,92.94,11,281.72,58,13,0.536,0.81,3,1,0,0,Card,0
C00077,19,Female,Amman,Silver,84,1070.01,191.07,28,413.35,20,16,0.476,0.197,5,1,0,1,Digital Wallet,0
C00005,63,Female,Zarqa,Gold,62,2808.39,293.09,33,500.0,50,15,0.24,0.291,3,2,0,0,Digital Wallet,0
C00653,24,Female,Zarqa,Silver,26,1221.65,170.22,13,316.21,22,16,0.36,0.451,5,0,0,1,Bank Transfer,0
C00520,36,Male,Balqa,Platinum,36,1525.0,282.45,12,500.0,65,14,0.611,0.155,3,3,1,1,Cash,0
C00245,47,Female,Irbid,Basic,37,1734.03,175.78,25,240.92,6,19,0.288,0.58,1,5,1,0,Bank Transfer,0
C00564,30,Male,Amman,Basic,50,379.0,88.87,10,500.0,32,9,0.098,0.818,5,0,0,0,Card,1
C00418,41,Male,Amman,Basic,22,1895.87,234.21,11,464.9,25,10,0.752,0.432,4,1,0,0,Digital Wallet,0
C00305,49,Male,Amman,Basic,35,1851.36,192.43,14,370.46,173,16,0.341,0.44,4,2,0,0,Bank Transfer,1
C01053,57,Female,Amman,Basic,24,2121.24,111.48,9,299.4,21,14,0.15,0.354,4,2,0,0,Bank Transfer,0
C00699,27,Male,Amman,Gold,10,832.24,115.85,6,236.89,143,10,0.504,0.309,3,2,0,0,Digital Wallet,1
C00375,31,Male,Amman,Silver,18,1873.19,115.66,8,242.83,72,11,0.606,0.527,4,1,0,1,Card,0
C00940,70,Female,Other,Basic,75,1826.57,258.01,37,500.0,43,15,0.384,0.13,5,1,0,1,Digital Wallet,0
C00809,37,Male,Other,Basic,18,1899.64,87.15,14,102.3,100,14,0.602,0.264,5,1,0,1,Cash,0
C00788,40,Female,Amman,Gold,33,2252.24,171.56,19,307.76,49,21,0.207,0.807,4,0,0,1,Cash,0
C00157,67,Female,Irbid,Silver,27,2092.82,214.72,9,500.0,78,17,0.219,0.523,4,4,1,0,Digital Wallet,1
C00441,60,Female,Zarqa,Basic,19,1899.53,251.85,14,353.9,173,11,0.449,0.289,5,0,0,1,Card,0
C00925,70,Male,Amman,Basic,22,1992.05,227.68,15,367.71,6,14,0.52,0.476,3,0,0,1,Cash,0
C00932,52,Male,Balqa,Silver,58,1889.14,106.12,21,292.05,68,9,0.34,0.6,4,3,1,1,Card,0
C00203,31,Male,Irbid,Basic,29,1970.68,246.67,20,317.76,84,15,0.765,0.502,4,1,0,1,Digital Wallet,0
C00035,61,Male,Amman,Basic,2,2060.05,150.84,6,44.01,4,12,0.389,0.505,5,0,0,1,Bank Transfer,0
C00802,45,Female,Amman,Basic,10,1635.05,243.58,11,190.86,22,14,0.412,0.692,4,1,0,0,Card,0
C00886,58,Male,Amman,Silver,29,1955.94,162.88,11,339.37,3,17,0.225,0.627,2,3,1,1,Digital Wallet,1
C00187,51,Male,Amman,Basic,84,1640.01,202.92,30,500.0,13,12,0.211,0.307,3,2,0,0,Card,0
C00647,55,Male,Amman,Basic,54,1742.27,279.36,36,422.75,3,14,0.234,0.311,4,1,0,1,Digital Wallet,0
C00534,25,Male,Balqa,Silver,66,1727.58,127.45,23,351.84,11,17,0.607,0.68,3,3,1,1,Card,0
C00716,28,Female,Irbid,Platinum,84,1744.38,207.78,40,466.68,42,16,0.093,0.228,4,1,0,0,Card,0
C00808,61,Female,Irbid,Silver,36,2328.8,114.19,16,256.04,19,11,0.359,0.428,4,3,1,1,Card,0
C00231,63,Male,Amman,Basic,35,2639.81,220.76,19,362.77,32,12,0.4165,0.449,4,0,0,0,Card,0
C00746,29,Female,Amman,Platinum,17,1702.75,207.41,20,185.76,18,12,0.313,0.373,4,6,1,1,Card,0
C00308,66,Female,Amman,Basic,21,2841.27,86.19,4,500.0,20,14,0.764,0.874,3,0,0,0,Card,0
C00343,25,Male,Amman,Gold,17,1532.67,196.24,11,263.16,14,22,0.701,0.855,4,2,0,1,Card,0
C00146,19,Male,Amman,Basic,28,1373.21,62.11,9,203.38,4,11,0.775,0.582,4,1,0,1,Digital Wallet,0
C00937,30,Male,Zarqa,Silver,32,1168.76,180.52,15,289.27,31,16,0.556,0.872,2,3,1,1,Bank Transfer,0
C01034,25,Male,Balqa,Silver,26,1326.38,84.98,4,500.0,28,13,0.385,0.737,3,3,1,0,Card,0
C00917,45,Male,Other,Silver,22,1034.37,396.61,16,500.0,2,18,0.623,0.516,4,0,0,1,Card,0
C00941,24,Female,Amman,Gold,64,1315.63,162.5,21,434.72,10,18,0.332,0.544,3,1,0,0,Bank Transfer,0
C00970,64,Male,Amman,Silver,29,2745.84,189.29,17,304.31,191,20,0.789,0.893,2,2,0,0,Card,1
C00881,31,Female,Amman,Gold,21,1242.26,149.32,9,385.05,113,18,0.438,0.883,4,0,0,1,Digital Wallet,0
C01179,29,Female,Balqa,Basic,60,1607.54,262.4,27,500.0,42,18,0.198,0.364,4,2,0,0,Card,0
C01149,59,Female,Irbid,Basic,18,2630.68,134.79,4,365.63,34,14,0.305,0.41,3,3,1,0,Bank Transfer,0
C00898,61,Female,Amman,Gold,32,1918.97,379.09,21,477.81,34,18,0.109,0.413,5,0,0,0,Digital Wallet,0
C01107,57,Male,Amman,Gold,27,1885.55,249.51,9,500.0,39,14,0.317,0.21,4,3,1,0,Cash,0
C00202,38,Female,Other,Silver,31,1173.27,149.41,11,366.32,70,19,0.4165,0.427,4,0,0,1,Digital Wallet,0
C00971,31,Female,Amman,Silver,9,1064.47,212.86,8,230.44,45,15,0.363,0.832,4,2,0,0,Bank Transfer,0
C00718,62,Female,Balqa,Gold,3,2199.53,197.48,8,69.25,5,17,0.142,0.732,4,2,0,0,Card,0
C00471,28,Female,Amman,Gold,13,1946.5,229.04,7,457.19,91,19,0.551,0.846,4,1,0,1,Card,1
C00715,52,Male,Balqa,Gold,12,1177.37,132.85,7,220.04,116,17,0.109,0.484,4,4,1,0,Digital Wallet,1
C00033,47,Male,Zarqa,Basic,24,2141.92,119.03,13,249.72,22,19,0.141,0.57,4,2,0,0,Card,0
C00474,19,Female,Irbid,Silver,22,1208.58,175.89,17,220.6,2,15,0.537,0.485,4,0,0,0,Digital Wallet,0
C01121,66,Female,Other,Platinum,24,2520.98,440.37,25,343.05,166,22,0.71,0.492,4,3,1,1,Cash,1
C00234,34,Male,Amman,Basic,30,1875.54,170.02,16,356.61,32,11,0.56,0.349,4,2,0,1,Card,0
C00755,20,Female,Balqa,Basic,27,2294.27,214.53,13,446.13,6,13,0.722,0.534,5,0,0,1,Digital Wallet,0
C01159,67,Male,Amman,Basic,15,2236.45,245.06,14,246.99,85,18,0.247,0.554,3,3,1,0,Bank Transfer,1
C00774,59,Female,Amman,Silver,15,2298.95,284.41,10,383.5,82,11,0.386,0.824,4,6,1,1,Digital Wallet,0
C00870,63,Female,Amman,Silver,31,2185.86,102.89,14,176.76,48,11,0.171,0.618,4,1,0,1,Digital Wallet,0
C00014,58,Female,Amman,Gold,35,1684.23,289.35,20,498.56,21,16,0.627,0.91,5,1,0,1,Card,0
C00449,40,Male,Amman,Basic,43,1812.46,118.12,14,378.27,75,15,0.699,0.821,3,3,1,0,Card,0
C00753,42,Female,Zarqa,Basic,46,1840.38,155.06,22,302.15,27,10,0.166,0.489,3,2,0,0,Cash,0
C00442,55,Male,Amman,Silver,34,2270.09,147.87,13,384.06,23,17,0.403,0.493,3,2,0,0,Cash,0
C00659,24,Female,Amman,Gold,13,1621.14,219.57,7,377.12,55,11,0.26,0.416,4,4,1,1,Digital Wallet,0
C00327,67,Male,Amman,Basic,24,2781.08,164.39,17,219.51,35,13,0.287,0.726,3,4,1,1,Cash,1
C00979,39,Male,Amman,Silver,35,1636.44,162.85,20,286.26,37,8,0.517,0.741,3,2,0,1,Bank Transfer,0
C00329,62,Female,Amman,Platinum,20,2341.71,387.23,16,310.6,4,22,0.527,0.231,4,1,0,0,Digital Wallet,0
C00936,21,Female,Zarqa,Platinum,8,897.15,189.89,6,231.72,227,14,0.518,0.547,4,0,0,0,Card,0
C00148,31,Female,Amman,Silver,60,1855.71,186.1,32,328.4,15,15,0.053,0.214,4,3,1,0,Digital Wallet,0
C00603,33,Female,Amman,Silver,39,1221.24,81.76,16,222.43,2,8,0.341,0.194,4,2,0,0,Card,0
C01100,23,Male,Amman,Silver,35,1025.98,187.03,21,226.38,48,17,0.203,0.63,1,4,1,1,Digital Wallet,0
C00481,58,Male,Zarqa,Basic,55,1818.85,97.59,26,201.55,1,14,0.4165,0.743,4,4,1,0,Card,0
C00131,20,Male,Other,Basic,7,1376.47,172.27,4,258.46,44,11,0.302,0.778,5,0,0,0,Cash,0
C00545,20,Female,Irbid,Basic,21,1388.63,232.13,9,491.74,56,16,0.598,0.823,2,2,1,0,Card,0
C00528,58,Female,Balqa,Silver,33,1931.07,395.69,25,454.16,28,23,0.67,0.584,4,2,0,1,Card,0
C00967,45,Female,Amman,Basic,38,1698.69,125.37,12,431.99,3,13,0.744,0.726,4,2,0,1,Digital Wallet,0
C00733,52,Male,Zarqa,Platinum,29,2374.09,342.14,21,388.38,7,20,0.369,0.809,3,4,1,1,Digital Wallet,0
C00749,54,Female,Irbid,Silver,24,2082.84,229.82,18,294.14,59,14,0.394,0.362,3,3,1,0,Card,0
C00846,52,Male,Irbid,Basic,67,350.0,101.7,27,251.83,138,10,0.396,0.308,5,3,1,0,Card,1
C01134,42,Female,Amman,Silver,84,1392.96,212.38,27,500.0,50,22,0.292,0.408,3,2,0,0,Card,0
C01099,62,Male,Amman,Silver,50,2527.26,156.92,13,500.0,31,14,0.4165,0.201,5,0,0,0,Card,0
C00029,45,Male,Irbid,Gold,54,2307.15,265.0,30,466.54,64,19,0.923,0.436,3,1,0,0,Card,1
C00115,66,Female,Balqa,Basic,31,2220.92,278.35,12,500.0,85,20,0.088,0.501,3,0,0,1,Cash,1
C00513,58,Male,Other,Silver,27,1494.82,103.11,15,202.14,19,19,0.499,0.3,2,5,1,1,Card,1
C00944,45,Female,Amman,Basic,10,1660.19,99.16,7,138.52,70,10,0.305,0.932,4,2,0,1,Cash,0
C00701,50,Female,Amman,Gold,15,2560.37,208.16,11,305.44,7,19,0.574,0.799,3,2,0,0,Card,0
C00763,21,Female,Amman,Basic,23,1793.83,168.73,9,365.56,77,21,0.684,0.642,4,1,0,1,Digital Wallet,0
C00987,29,Male,Amman,Platinum,17,968.52,181.06,9,361.53,1,19,0.42,0.235,4,1,0,0,Card,0
C00676,58,Female,Amman,Basic,12,2715.52,158.99,9,164.75,8,14,0.613,0.142,5,1,0,1,Digital Wallet,0
C00867,36,Female,Irbid,Silver,18,1787.96,180.52,10,133.57,19,22,0.291,0.78,5,1,0,0,Card,1
C00786,61,Male,Balqa,Silver,43,2017.26,106.92,22,203.83,11,17,0.533,0.319,3,2,0,0,Digital Wallet,0
C00828,51,Male,Balqa,Basic,36,1316.93,195.99,11,500.0,39,22,0.583,0.242,4,0,0,0,Cash,0
C00606,61,Male,Irbid,Silver,19,2215.34,134.73,19,114.53,6,21,0.214,0.244,3,2,0,0,Card,0
C01178,39,Male,Amman,Silver,26,1869.92,126.4,15,227.67,94,10,0.659,0.291,3,0,0,1,Card,0
C01131,34,Male,Amman,Gold,40,977.24,313.03,23,493.82,26,27,0.608,0.477,3,1,0,1,Digital Wallet,0
C01079,58,Male,Irbid,Basic,1,1807.64,75.66,1,88.54,64,12,0.261,0.236,3,0,0,0,Card,0
C00950,29,Male,Amman,Basic,22,1182.51,139.38,12,267.46,9,14,0.777,0.296,2,2,0,1,Cash,1
C01108,53,Female,Zarqa,Silver,39,2117.76,157.87,17,291.21,1,23,0.51,0.472,3,2,0,0,Card,0
C00491,32,Male,Other,Silver,4,2050.24,180.52,7,110.73,69,18,0.322,0.667,3,5,1,0,Card,1
C00722,18,Male,Irbid,Gold,8,777.47,193.98,4,375.66,43,15,0.387,0.865,4,2,0,0,Digital Wallet,1
C00747,24,Female,Amman,Basic,11,1731.71,67.22,4,145.28,61,14,0.258,0.207,4,1,0,0,Card,1
C01151,38,Female,Irbid,Basic,50,2243.25,302.74,22,500.0,93,11,0.772,0.604,4,2,0,1,Card,0
C00419,29,Male,Zarqa,Gold,2,1166.41,174.81,5,71.99,5,10,0.089,0.435,4,5,1,0,Digital Wallet,1
C00259,50,Male,Amman,Gold,26,1779.97,175.17,15,274.75,96,18,0.83,0.484,5,0,0,0,Card,0
C00446,60,Male,Amman,Silver,65,2022.0,213.85,36,338.89,27,17,0.224,0.333,3,1,0,1,Card,0
C00042,54,Male,Irbid,Platinum,53,2956.31,214.0,27,415.57,110,19,0.135,0.528,4,2,0,1,Card,0
C00642,58,Male,Amman,Gold,26,1660.22,294.32,19,432.83,6,18,0.384,0.417,3,1,0,0,Card,0
C00530,49,Male,Other,Gold,17,1887.86,229.65,8,500.0,35,14,0.471,0.224,4,2,0,0,Digital Wallet,0
C00189,35,Male,Irbid,Basic,14,1836.03,277.53,8,494.97,58,17,0.286,0.229,3,1,0,0,Digital Wallet,1
C00268,63,Male,Amman,Basic,34,2353.89,110.33,11,344.3,45,16,0.132,0.503,3,2,0,1,Card,0
C00514,35,Female,Zarqa,Basic,62,2067.09,306.17,24,500.0,14,22,0.529,0.654,5,2,0,0,Card,0
C00605,45,Female,Amman,Gold,20,1657.4,179.36,19,197.41,97,17,0.614,0.296,3,0,0,0,Cash,1
C00219,64,Male,Amman,Basic,38,1988.32,82.86,19,151.58,34,11,0.588,0.358,2,4,1,0,Bank Transfer,1
C00007,57,Female,Amman,Basic,19,1710.57,95.55,11,148.39,45,12,0.559,0.547,4,4,1,1,Card,0
C00455,38,Female,Balqa,Basic,38,850.74,111.36,18,186.03,8,9,0.532,0.9,3,0,0,1,Digital Wallet,0
C00506,69,Female,Other,Gold,57,2509.97,221.13,24,500.0,20,18,0.654,0.158,4,2,0,1,Bank Transfer,0
C01030,38,Male,Amman,Gold,14,1556.07,223.37,10,355.62,40,20,0.625,0.321,4,4,1,0,Bank Transfer,0
C01147,21,Male,Other,Gold,15,1876.66,228.99,11,272.37,6,12,0.099,0.158,4,1,0,1,Card,0
C00785,39,Male,Irbid,Platinum,32,1457.69,412.52,24,413.42,88,26,0.348,0.579,3,2,0,0,Digital Wallet,0
C00577,48,Female,Other,Silver,34,1910.09,124.91,17,206.49,22,14,0.376,0.446,5,0,0,1,Digital Wallet,0
C00736,56,Female,Zarqa,Basic,18,1558.25,101.87,8,196.91,17,19,0.724,0.666,3,1,0,1,Digital Wallet,0
C01181,55,Female,Amman,Gold,28,1857.83,280.95,16,471.43,105,9,0.364,0.688,3,1,0,1,Digital Wallet,0
C00960,41,Male,Amman,Gold,35,1653.75,189.02,28,222.13,10,10,0.332,0.554,4,3,1,1,Bank Transfer,0
C01140,46,Male,Amman,Platinum,10,2333.69,457.92,13,323.1,61,19,0.307,0.299,3,2,0,1,Bank Transfer,0
C01006,69,Male,Irbid,Silver,22,2067.95,410.66,16,500.0,80,32,0.121,0.15,3,1,0,0,Card,1
C00294,36,Female,Irbid,Gold,62,817.73,121.92,27,323.47,46,8,0.419,0.331,5,1,0,1,Card,0
C01057,50,Female,Amman,Gold,22,1513.61,162.28,12,316.28,6,13,0.259,0.413,4,2,0,0,Digital Wallet,0
C00916,29,Male,Amman,Gold,18,1870.82,238.49,13,317.17,28,11,0.449,0.887,4,2,0,1,Digital Wallet,0
C00030,61,Female,Amman,Gold,27,1508.33,231.35,14,387.68,20,10,0.312,0.446,3,0,0,1,Cash,0
C00194,66,Female,Balqa,Silver,6,1983.98,133.91,5,125.23,23,9,0.427,0.661,5,2,0,0,Cash,0
C00660,67,Male,Balqa,Platinum,38,2201.09,269.67,23,440.37,2,24,0.4165,0.332,2,1,1,0,Card,0
C01143,39,Male,Amman,Basic,84,1262.43,180.52,28,381.41,7,9,0.441,0.208,4,0,0,0,Card,0
C00274,38,Female,Balqa,Basic,37,1282.29,69.85,17,116.45,23,9,0.648,0.478,2,0,1,0,Digital Wallet,0
C00631,46,Male,Amman,Gold,4,2274.12,290.81,4,258.47,81,13,0.58,0.264,3,2,0,1,Card,0
C00965,50,Male,Balqa,Silver,12,1349.0,136.83,5,284.74,22,19,0.534,0.423,4,2,0,1,Card,0
C00531,27,Female,Balqa,Gold,58,1241.94,342.86,25,500.0,18,23,0.064,0.625,2,2,1,0,Card,0
C00873,39,Male,Balqa,Gold,32,2270.21,507.29,22,500.0,9,27,0.362,0.535,4,3,1,1,Digital Wallet,0
C00972,24,Male,Amman,Gold,14,1624.32,196.71,6,485.07,66,19,0.413,0.323,5,3,1,1,Card,0
C00317,21,Female,Amman,Silver,72,919.3,260.59,34,500.0,50,14,0.762,0.595,2,2,0,1,Card,1
C00177,44,Female,Zarqa,Silver,27,853.15,214.0,15,352.99,85,14,0.375,0.87,3,1,0,1,Cash,1
C00994,33,Male,Amman,Platinum,26,2380.18,352.0,20,462.86,13,23,0.574,0.535,3,2,0,0,Card,0
C00153,40,Male,Irbid,Silver,5,1358.89,191.51,6,150.48,7,18,0.291,0.722,2,2,0,1,Card,0
C00521,44,Male,Irbid,Silver,44,1286.39,243.04,20,495.77,5,19,0.44,0.401,4,0,0,0,Card,0
C00276,56,Male,Amman,Gold,11,1706.88,234.92,11,192.81,31,17,0.548,0.456,2,3,1,0,Digital Wallet,1
C00087,31,Male,Amman,Silver,17,1035.35,165.04,12,216.57,74,16,0.172,0.868,4,4,1,0,Cash,1
C00568,43,Female,Amman,Gold,27,1283.86,199.42,12,500.0,35,11,0.399,0.348,5,0,0,0,Card,0
C00986,25,Male,Irbid,Basic,10,1298.08,226.81,15,155.65,42,6,0.689,0.811,3,1,0,0,Cash,1
C00184,31,Male,Amman,Silver,28,1552.31,174.57,8,441.81,6,13,0.182,0.165,4,3,1,0,Digital Wallet,0
C00371,27,Male,Amman,Gold,42,1379.06,132.98,18,293.39,35,8,0.143,0.762,2,2,0,0,Card,0
C00228,64,Female,Amman,Platinum,30,2939.75,338.18,18,384.97,15,14,0.09,0.614,4,2,0,0,Card,0
C01015,62,Male,Other,Silver,25,2652.42,278.62,23,302.67,10,14,0.595,0.081,4,1,0,0,Digital Wallet,0
C00532,54,Female,Balqa,Gold,15,1427.83,185.46,9,332.29,51,15,0.198,0.521,3,1,0,1,Card,0
C00414,62,Female,Amman,Basic,19,1602.01,274.83,11,319.55,6,18,0.136,0.325,3,2,0,0,Bank Transfer,0
C01069,65,Male,Amman,Basic,16,1434.29,176.15,10,264.39,83,18,0.237,0.306,5,0,0,0,Digital Wallet,0
C01160,31,Female,Amman,Platinum,82,916.22,200.7,40,368.45,57,7,0.498,0.581,3,2,0,1,Card,0
C00201,51,Male,Balqa,Gold,44,2143.82,305.52,33,469.87,8,17,0.06,0.194,5,0,0,0,Card,0
C00376,26,Male,Other,Basic,38,1342.78,258.8,24,389.07,46,13,0.347,0.573,4,1,0,0,Card,0
C00963,18,Male,Amman,Gold,62,2435.6,325.32,29,500.0,7,11,0.464,0.642,4,3,1,0,Cash,1
C00372,45,Female,Amman,Basic,6,2103.63,180.52,7,153.07,20,15,0.396,0.394,3,1,0,0,Card,0
C00272,24,Female,Amman,Silver,58,2313.6,444.22,45,402.8,75,23,0.245,0.292,3,1,0,0,Bank Transfer,0
C01150,20,Female,Irbid,Silver,32,1437.15,88.34,16,171.88,86,13,0.602,0.348,4,3,1,1,Digital Wallet,0
C00240,25,Female,Amman,Silver,26,1085.29,228.69,13,340.44,63,16,0.359,0.562,4,3,1,1,Card,1
C00889,45,Female,Amman,Gold,19,1147.98,200.3,16,218.64,55,14,0.543,0.577,4,1,0,0,Bank Transfer,0
C00300,34,Male,Amman,Basic,33,1976.05,64.7,12,183.3,34,14,0.772,0.644,5,1,0,0,Digital Wallet,0
C00432,48,Female,Irbid,Basic,35,1599.38,165.65,21,312.06,58,12,0.446,0.269,3,3,1,0,Digital Wallet,0
C00213,33,Male,Other,Silver,17,1117.13,129.3,7,270.07,33,15,0.352,0.636,4,2,0,0,Cash,1
C00879,63,Male,Amman,Silver,14,12000.0,241.87,11,301.88,123,23,0.506,0.557,5,0,0,1,Digital Wallet,0
C01045,69,Female,Amman,Basic,21,2601.83,75.83,6,255.82,43,23,0.31,0.411,3,3,1,0,Card,0
C00067,58,Male,Amman,Silver,28,2156.19,117.94,11,286.18,9,11,0.532,0.836,4,3,1,0,Card,0
C00050,50,Female,Zarqa,Silver,30,1344.59,125.1,16,226.52,104,19,0.203,0.255,4,2,0,0,Card,0
C00720,53,Male,Amman,Basic,11,2080.62,124.36,7,212.41,2,13,0.37,0.364,2,6,1,1,Card,1
C00801,67,Male,Balqa,Gold,16,1283.28,269.69,15,284.89,85,25,0.405,0.307,4,1,0,0,Bank Transfer,1
C01011,32,Male,Amman,Platinum,26,1575.54,233.76,13,421.05,84,14,0.575,0.489,4,0,0,0,Digital Wallet,0
C00209,28,Female,Other,Gold,35,824.91,115.49,15,250.85,12,10,0.516,0.44,3,3,1,1,Card,0
C00644,61,Male,Irbid,Platinum,32,2339.02,264.29,15,484.31,29,17,0.744,0.533,4,2,0,1,Card,0
C00612,47,Female,Balqa,Basic,53,1784.65,100.58,16,321.82,79,13,0.741,0.919,3,1,0,1,Bank Transfer,1
C00279,40,Female,Other,Basic,21,2583.11,95.24,6,279.76,43,16,0.479,0.629,4,0,0,0,Cash,0
C00706,43,Male,Amman,Basic,37,2327.16,161.56,15,398.77,40,20,0.148,0.505,4,2,0,0,Digital Wallet,0
C00845,60,Male,Zarqa,Silver,33,2265.73,130.08,7,500.0,10,14,0.649,0.144,4,1,0,1,Digital Wallet,0
C00588,24,Female,Irbid,Basic,12,826.99,105.31,11,100.46,13,12,0.633,0.53,3,1,0,0,Card,1
C00119,37,Male,Amman,Basic,15,1241.22,73.69,9,142.07,56,15,0.224,0.63,2,1,1,0,Cash,0
C00198,21,Female,Amman,Silver,65,1642.6,169.33,18,500.0,55,14,0.611,0.829,3,5,1,1,Digital Wallet,0
C00487,27,Female,Other,Silver,46,1627.66,233.77,34,279.67,71,17,0.494,0.242,4,1,0,0,Digital Wallet,1
C01037,38,Female,Zarqa,Platinum,23,2627.2,298.53,15,500.0,5,14,0.3,0.534,3,2,0,0,Bank Transfer,0
C00885,49,Female,Amman,Basic,43,1579.55,180.52,16,305.05,82,17,0.283,0.419,3,0,0,1,Cash,0
C00248,26,Male,Amman,Basic,27,1362.32,73.4,14,137.7,32,8,0.4165,0.556,4,1,0,0,Digital Wallet,0
C00841,47,Male,Zarqa,Silver,30,1996.12,428.82,19,500.0,42,17,0.553,0.195,3,2,0,0,Digital Wallet,0
C00460,50,Male,Irbid,Basic,31,1102.91,77.19,15,182.85,23,15,0.226,0.661,3,4,1,0,Card,0
C01195,65,Female,Amman,Silver,7,2583.3,174.63,2,500.0,34,10,0.297,0.693,2,3,1,0,Card,0
C00709,46,Male,Amman,Basic,21,1866.64,206.49,12,341.35,49,15,0.145,0.179,4,2,0,0,Card,0
C01091,47,Male,Other,Silver,24,1559.26,164.36,13,331.64,45,14,0.132,0.108,4,2,0,0,Digital Wallet,1
C00998,58,Female,Zarqa,Gold,50,1869.9,167.89,21,407.92,18,14,0.711,0.302,3,1,0,1,Card,0
C01048,20,Female,Zarqa,Silver,13,1744.72,95.14,9,141.33,17,11,0.162,0.415,5,0,0,0,Card,0
C01009,62,Male,Amman,Basic,19,1421.05,89.74,12,139.6,62,15,0.653,0.363,3,1,0,0,Digital Wallet,0
C01029,32,Female,Amman,Platinum,84,1018.46,215.1,39,493.12,2,14,0.4165,0.543,3,0,0,0,Digital Wallet,0
C00155,27,Female,Amman,Basic,26,1853.08,352.33,19,444.85,10,26,0.462,0.203,4,1,0,0,Cash,0
C00527,54,Male,Amman,Basic,28,1769.86,88.62,15,140.66,39,13,0.28,0.814,5,1,0,0,Bank Transfer,0
C00239,20,Male,Balqa,Basic,69,1792.625,136.92,32,296.66,1,23,0.403,0.191,3,1,0,1,Digital Wallet,0
C00196,30,Male,Other,Basic,14,1545.87,140.46,8,241.37,37,10,0.706,0.078,2,1,0,1,Card,0
C00283,29,Male,Balqa,Silver,21,1662.29,249.42,19,227.53,24,18,0.523,0.319,4,3,1,1,Cash,0
C01032,55,Female,Balqa,Platinum,39,2748.83,234.75,19,392.89,58,18,0.667,0.636,4,2,0,1,Card,0
C00267,50,Male,Balqa,Gold,31,1771.19,214.57,15,421.19,27,17,0.624,0.131,2,3,1,0,Digital Wallet,0
C00997,18,Male,Zarqa,Silver,14,728.17,82.14,6,181.34,217,10,0.553,0.702,3,1,0,1,Card,0
C00533,28,Male,Amman,Platinum,20,1882.34,304.41,12,450.18,48,13,0.441,0.277,2,0,1,1,Card,0
C00570,64,Female,Amman,Silver,22,2125.07,123.58,19,143.56,10,20,0.29,0.675,3,0,0,1,Cash,0
C00040,20,Female,Amman,Silver,65,1622.17,310.32,25,500.0,11,18,0.776,0.504,3,3,1,0,Digital Wallet,0
C00174,48,Male,Amman,Basic,51,1198.53,46.3,19,130.56,34,7,0.624,0.667,4,1,0,1,Digital Wallet,0
C00550,58,Female,Other,Basic,42,1830.94,114.47,15,190.2,26,16,0.477,0.222,3,3,1,0,Digital Wallet,0
C01084,67,Male,Irbid,Basic,52,1732.2,132.47,22,329.28,3,14,0.393,0.295,4,2,0,0,Digital Wallet,0
C00728,38,Female,Zarqa,Silver,28,1700.29,96.6,15,184.56,31,13,0.157,0.4,4,3,1,0,Card,0
C00711,33,Female,Amman,Basic,84,1306.93,107.06,37,197.56,21,9,0.234,0.188,5,0,0,1,Digital Wallet,1
C00899,39,Female,Zarqa,Platinum,24,2153.76,383.25,20,402.97,13,23,0.381,0.45,5,2,0,0,Digital Wallet,0
C00031,22,Female,Amman,Basic,46,1681.73,124.81,18,268.42,55,16,0.297,0.486,3,2,0,1,Bank Transfer,0
C00328,34,Female,Amman,Silver,19,1958.25,204.97,12,340.44,21,16,0.269,0.712,3,0,0,1,Digital Wallet,1
C01158,61,Male,Irbid,Gold,13,2253.13,238.95,13,221.46,4,20,0.275,0.161,5,3,1,0,Bank Transfer,1
C00686,34,Male,Amman,Silver,40,1671.62,190.58,17,385.87,6,8,0.354,0.31,3,1,0,0,Digital Wallet,0
C00656,21,Female,Amman,Platinum,28,2161.09,215.97,14,391.85,33,22,0.127,0.769,4,0,0,0,Cash,1
C00396,52,Female,Irbid,Platinum,18,2329.46,287.93,9,500.0,0,9,0.705,0.301,4,1,0,1,Card,0
C01039,35,Female,Amman,Platinum,8,1475.15,255.32,5,310.95,41,16,0.759,0.379,4,2,0,1,Card,0
C00926,41,Female,Zarqa,Gold,28,1854.99,163.35,17,219.13,61,19,0.93,0.384,3,1,0,0,Cash,1
C00975,41,Male,Amman,Silver,41,1526.39,142.39,15,417.1,38,16,0.702,0.545,5,1,0,0,Cash,0
C00759,41,Female,Amman,Basic,6,2273.48,334.79,7,289.42,87,18,0.337,0.561,4,2,0,1,Card,0
C00614,47,Female,Amman,Basic,10,2252.33,157.91,9,135.97,34,12,0.144,0.301,4,1,0,0,Digital Wallet,0
C00505,39,Male,Amman,Gold,18,1874.74,395.6,17,369.0,19,23,0.127,0.474,4,6,1,0,Bank Transfer,0
C00663,26,Male,Zarqa,Silver,20,1724.8,147.15,8,346.57,2,8,0.424,0.312,3,3,1,0,Cash,1
C00705,39,Male,Amman,Silver,34,1324.17,183.15,19,321.0,69,11,0.603,0.408,3,0,0,0,Card,1
C00628,44,Female,Amman,Silver,19,1719.44,173.03,6,500.0,1,15,0.423,0.329,3,1,0,0,Card,0
C00190,70,Male,Amman,Platinum,32,2015.35,257.24,14,500.0,37,16,0.644,0.605,5,0,0,1,Card,0
C00668,47,Female,Amman,Silver,84,1482.79,184.93,36,439.14,6,17,0.418,0.84,4,1,0,0,Bank Transfer,0
C00001,70,Female,Amman,Silver,29,2241.7,132.73,25,158.58,25,17,0.158,0.83,5,1,0,0,Digital Wallet,0
C00544,57,Female,Amman,Basic,14,1806.99,193.01,12,247.77,5,11,0.505,0.5,4,3,1,1,Bank Transfer,0
C00062,21,Female,Irbid,Gold,19,350.0,130.68,9,281.4,43,12,0.472,0.131,4,0,0,0,Card,1
C01188,62,Male,Amman,Silver,34,2223.75,165.89,17,376.33,66,17,0.54,0.564,4,2,0,0,Digital Wallet,0
C00090,33,Male,Amman,Silver,40,1949.75,180.07,22,317.69,74,18,0.019,0.56,4,5,1,0,Digital Wallet,1
C00271,21,Male,Zarqa,Silver,25,670.6,164.96,7,500.0,7,13,0.359,0.529,4,0,0,1,Card,0
C00784,29,Female,Amman,Gold,44,1144.06,162.05,23,311.31,7,19,0.472,0.816,3,2,0,1,Digital Wallet,0
C00212,45,Male,Balqa,Platinum,21,3292.65,235.39,16,303.49,212,9,0.193,0.177,5,3,1,0,Card,1
C00525,30,Female,Zarqa,Silver,23,1843.22,126.36,16,169.69,44,11,0.641,0.741,4,2,0,1,Digital Wallet,0
C00601,24,Female,Irbid,Basic,84,1792.625,77.59,31,190.87,35,8,0.201,0.513,4,1,0,0,Card,0
C01119,29,Male,Balqa,Platinum,36,2087.51,429.75,22,500.0,29,23,0.326,0.287,4,0,0,0,Cash,0
C00356,63,Male,Zarqa,Platinum,29,3054.91,346.0,23,413.29,15,18,0.466,0.739,4,1,0,0,Cash,0
C00503,28,Female,Amman,Silver,58,1626.94,198.39,31,367.63,37,15,0.23,0.248,5,1,0,0,Card,0
C01076,26,Female,Balqa,Basic,16,2071.97,74.76,9,136.37,46,11,0.116,0.368,2,3,1,0,Cash,1
C01113,43,Male,Irbid,Silver,20,1296.12,100.34,8,255.25,24,13,0.739,0.154,5,5,1,0,Bank Transfer,0
C00275,44,Female,Amman,Basic,29,1679.8,199.43,18,331.72,49,16,0.82,0.413,4,1,0,1,Digital Wallet,0
C00140,56,Male,Amman,Silver,38,2220.55,165.02,13,413.88,14,20,0.427,0.662,2,1,0,0,Digital Wallet,0
C00133,44,Female,Zarqa,Basic,45,1560.75,183.99,19,500.0,159,14,0.473,0.406,4,2,0,0,Cash,1
C00237,41,Female,Amman,Gold,23,2211.56,249.46,15,331.57,5,13,0.339,0.155,4,3,1,0,Digital Wallet,0
C00765,53,Female,Other,Gold,10,1364.48,187.61,12,149.92,202,10,0.85,0.47,5,1,0,1,Cash,1
C01074,20,Male,Amman,Silver,38,1792.625,153.62,15,394.41,20,8,0.228,0.717,4,0,0,0,Card,0
C00919,33,Male,Balqa,Silver,10,1798.22,176.72,11,127.81,30,14,0.121,0.923,3,0,0,1,Card,0
C01197,53,Female,Irbid,Basic,51,2287.69,139.47,24,307.84,33,11,0.221,0.468,4,0,0,0,Cash,0
C00625,20,Male,Amman,Basic,42,1573.9,111.12,20,247.81,50,17,0.564,0.709,4,1,0,1,Digital Wallet,0
C00467,41,Female,Amman,Platinum,61,1647.09,423.53,33,500.0,9,19,0.602,0.416,3,3,1,0,Card,0
C00235,63,Female,Amman,Basic,25,1577.2,55.0,7,201.33,11,15,0.706,0.11,4,1,0,0,Card,0
C00172,38,Male,Zarqa,Gold,22,569.05,174.85,11,340.75,18,12,0.385,0.069,3,1,0,1,Card,0
C00623,46,Male,Irbid,Platinum,17,2407.77,259.27,12,327.41,37,17,0.4165,0.288,3,1,0,1,Digital Wallet,0
C01023,36,Male,Amman,Platinum,3,1257.19,410.65,12,67.74,16,17,0.272,0.337,2,0,1,1,Cash,0
C00824,34,Female,Amman,Gold,49,1391.52,159.36,26,235.66,17,17,0.361,0.63,4,3,1,1,Card,0
C00658,22,Male,Amman,Basic,35,1308.53,114.71,15,178.4,75,18,0.538,0.464,3,1,0,0,Card,0
C00251,41,Male,Amman,Gold,36,2475.03,166.41,15,391.86,0,8,0.581,0.186,4,3,1,1,Digital Wallet,0
C00740,44,Female,Zarqa,Gold,37,2503.3,271.57,18,435.07,5,14,0.538,0.404,2,1,0,0,Digital Wallet,0
C00391,32,Female,Other,Gold,26,1696.07,181.05,15,265.26,82,12,0.776,0.241,4,0,0,1,Card,0
C00461,55,Male,Balqa,Platinum,44,1972.11,610.24,24,500.0,38,23,0.576,0.782,5,4,1,0,Card,0
C01028,42,Female,Amman,Silver,13,1843.76,94.09,7,146.77,58,10,0.059,0.803,3,3,1,0,Digital Wallet,1
C00799,29,Male,Amman,Basic,84,713.62,173.37,42,348.27,7,11,0.641,0.429,4,3,1,0,Cash,1
C00812,62,Male,Amman,Basic,47,1325.88,131.5,17,309.98,121,13,0.229,0.514,3,3,1,1,Digital Wallet,1
C00729,18,Male,Amman,Basic,45,733.43,135.71,25,211.32,9,14,0.067,0.153,4,1,0,0,Cash,0
C00657,41,Female,Irbid,Basic,5,1909.75,82.51,1,440.43,99,10,0.239,0.641,2,5,1,0,Card,1
C00468,66,Female,Amman,Basic,36,1180.65,91.37,19,147.83,12,20,0.564,0.443,4,1,0,1,Card,0
C00424,27,Female,Amman,Silver,36,1889.16,346.14,18,500.0,7,17,0.436,0.598,4,2,0,1,Cash,0
C00518,48,Male,Zarqa,Silver,60,1559.1,168.55,17,500.0,33,16,0.497,0.44,5,3,1,1,Digital Wallet,0
C00438,37,Female,Irbid,Gold,23,1681.89,369.05,14,500.0,4,21,0.4165,0.831,3,3,1,0,Cash,0
C00288,49,Female,Zarqa,Gold,54,2445.14,402.6,24,500.0,24,13,0.589,0.857,3,0,0,0,Card,0
C00341,60,Female,Amman,Silver,15,1669.28,176.98,11,214.94,116,19,0.121,0.746,2,2,0,0,Card,1
C00597,31,Male,Irbid,Silver,35,1970.82,148.94,15,316.07,40,15,0.602,0.498,4,2,0,0,Bank Transfer,0
C00047,50,Male,Zarqa,Platinum,33,1344.75,246.01,17,499.51,66,6,0.099,0.089,3,1,0,0,Card,0
C00320,63,Female,Amman,Basic,45,1986.86,149.39,24,327.98,37,13,0.378,0.295,4,2,0,0,Cash,0
C01109,23,Male,Other,Basic,13,1317.65,159.21,10,144.37,25,15,0.302,0.944,1,6,1,0,Card,1
C00208,63,Male,Irbid,Platinum,58,2458.05,290.87,24,500.0,28,19,0.746,0.112,4,3,1,1,Cash,0
C00797,69,Female,Zarqa,Basic,32,3154.84,136.21,15,265.43,6,11,0.267,0.716,3,5,1,1,Bank Transfer,0
C00367,22,Female,Irbid,Gold,7,1970.17,237.21,9,169.93,18,12,0.616,0.597,5,2,0,1,Digital Wallet,0
C01124,33,Male,Zarqa,Gold,16,1103.99,179.36,9,299.68,5,14,0.618,0.941,5,1,0,0,Cash,0
C00070,58,Female,Zarqa,Silver,9,2071.59,126.81,4,262.79,125,18,0.594,0.35,4,1,0,0,Card,0
C00269,28,Male,Amman,Basic,19,1028.78,171.47,11,308.27,53,10,0.301,0.854,4,0,0,1,Bank Transfer,0
C00501,58,Male,Amman,Silver,37,1835.33,317.2,25,500.0,27,21,0.423,0.568,4,0,0,1,Cash,0
C00169,44,Female,Amman,Platinum,34,2135.47,206.15,32,222.15,37,12,0.404,0.431,4,2,0,1,Card,0
C00669,67,Female,Amman,Basic,2,2189.05,159.91,4,40.65,30,13,0.402,0.162,3,6,1,0,Cash,0
C00924,52,Female,Zarqa,Silver,35,2121.01,101.18,20,166.69,20,9,0.373,0.191,3,2,0,0,Card,0
C00080,20,Female,Balqa,Basic,72,1269.99,178.1,44,268.87,64,9,0.671,0.462,3,4,1,0,Digital Wallet,0
C00109,26,Female,Other,Basic,17,1297.08,129.52,10,253.03,20,14,0.426,0.309,3,1,0,1,Cash,0
C00220,26,Female,Irbid,Platinum,40,1671.79,242.99,14,500.0,6,13,0.423,0.505,5,0,0,0,Digital Wallet,0
C01061,60,Male,Irbid,Gold,30,2728.02,271.32,15,500.0,118,23,0.049,0.28,3,4,1,0,Digital Wallet,1
C00278,59,Female,Amman,Basic,10,1785.71,249.48,6,489.83,53,10,0.188,0.404,3,3,1,0,Card,0
C00874,44,Male,Zarqa,Basic,16,1730.13,147.94,6,383.97,61,13,0.585,0.736,5,31,0,0,Digital Wallet,1
C00853,51,Female,Amman,Silver,36,2492.8,160.45,13,406.23,3,13,0.499,0.735,4,0,0,0,Cash,0
C00674,70,Male,Irbid,Silver,10,2705.95,107.46,7,152.93,15,10,0.664,0.561,5,1,0,0,Cash,0
C00200,38,Female,Amman,Basic,49,2095.86,289.89,20,500.0,12,14,0.264,0.353,4,3,1,1,Card,1
C01064,37,Male,Irbid,Silver,26,1920.18,306.62,17,376.18,35,20,0.157,0.417,4,2,0,0,Digital Wallet,1
C00074,35,Male,Amman,Basic,57,1013.22,269.63,21,500.0,111,16,0.363,0.557,4,4,1,0,Bank Transfer,0
C00914,18,Male,Irbid,Basic,13,1499.58,180.52,8,97.12,240,17,0.538,0.445,3,1,0,1,Cash,1
C00011,47,Male,Zarqa,Basic,57,1744.8,149.95,25,303.68,101,11,0.483,0.691,4,3,1,0,Bank Transfer,0
C00284,33,Male,Amman,Basic,19,2195.12,118.37,12,170.26,43,9,0.442,0.613,5,1,0,1,Card,0
C00321,38,Female,Other,Basic,36,2402.82,134.2,16,379.09,28,13,0.286,0.186,5,2,0,0,Card,0
C00132,60,Male,Amman,Basic,9,2807.14,130.29,5,215.91,168,19,0.326,0.293,3,3,1,1,Cash,1
C00690,41,Male,Amman,Basic,11,1818.48,212.65,14,153.66,71,17,0.36,0.825,3,0,0,0,Bank Transfer,0
C00173,68,Female,Balqa,Gold,5,1285.4,211.41,8,148.58,122,12,0.282,0.653,4,1,0,0,Card,0
C01072,44,Female,Balqa,Gold,10,2003.34,149.85,6,239.03,1,11,0.343,0.425,2,3,1,0,Digital Wallet,1
C00263,64,Female,Irbid,Gold,51,2326.31,232.45,29,389.1,13,18,0.119,0.371,4,2,0,0,Card,0
C00046,42,Female,Zarqa,Basic,9,1741.32,223.43,8,233.06,62,17,0.466,0.455,3,0,0,1,Cash,0
C01075,40,Male,Amman,Basic,26,700.52,103.25,9,278.41,6,16,0.875,0.714,3,7,1,0,Card,0
C00253,34,Male,Zarqa,Silver,21,1840.28,216.67,14,242.45,14,12,0.27,0.221,3,4,1,0,Digital Wallet,1
C00769,60,Female,Amman,Silver,39,1572.95,219.41,22,376.78,106,8,0.219,0.181,3,2,0,0,Cash,1
C01194,49,Female,Amman,Basic,11,3087.66,132.34,7,191.71,11,9,0.451,0.345,3,3,1,0,Cash,1
C00199,56,Female,Amman,Basic,8,2240.47,88.8,5,141.11,75,13,0.501,0.705,5,0,0,0,Digital Wallet,0
C00355,52,Female,Amman,Basic,26,1667.64,144.19,14,225.81,7,10,0.539,0.153,2,3,1,0,Bank Transfer,1
C00161,55,Male,Amman,Basic,33,780.51,56.25,10,176.41,2,12,0.798,0.249,4,0,0,1,Card,0
C01004,46,Male,Balqa,Gold,38,2147.27,242.19,15,500.0,3,15,0.242,0.299,4,3,1,0,Digital Wallet,0
C00469,18,Female,Amman,Gold,50,1784.67,160.87,13,500.0,126,17,0.276,0.468,5,1,0,1,Card,0
C01163,65,Male,Amman,Basic,16,1610.58,47.0,7,84.45,38,17,0.855,0.08,5,0,0,0,Card,0
C00179,50,Male,Amman,Silver,14,1908.25,189.65,9,285.32,84,17,0.521,0.373,5,2,0,1,Bank Transfer,0
C00805,64,Female,Amman,Gold,72,2131.63,176.71,23,478.86,25,10,0.487,0.597,3,2,0,1,Digital Wallet,0
C00477,57,Male,Amman,Basic,69,1550.3,92.84,24,213.61,23,11,0.385,0.9,4,0,0,0,Digital Wallet,0
C00280,42,Female,Amman,Platinum,16,2062.01,272.28,10,384.11,29,17,0.132,0.418,5,2,0,0,Digital Wallet,0
C01097,37,Male,Balqa,Silver,84,1915.82,193.01,32,462.39,15,21,0.159,0.535,4,1,0,1,Card,0
C00780,48,Female,Other,Silver,75,2613.15,190.04,28,496.9,72,22,0.134,0.893,3,1,0,0,Card,0
C00516,23,Female,Amman,Silver,24,1474.59,113.19,9,312.93,111,11,0.395,0.301,3,3,1,0,Card,0
C00939,54,Male,Amman,Basic,18,1768.48,163.75,7,343.25,23,20,0.57,0.337,3,3,1,0,Card,0
C01105,43,Male,Zarqa,Platinum,4,1999.81,205.08,4,177.62,22,15,0.354,0.228,4,1,0,0,Card,0
C01068,38,Male,Amman,Silver,37,1306.34,365.9,28,455.67,7,18,0.717,0.534,3,4,1,1,Cash,0
C00162,68,Female,Zarqa,Basic,8,2272.94,190.62,8,176.25,61,24,0.714,0.922,4,2,0,1,Card,1
C00859,69,Female,Irbid,Silver,26,2169.1,271.97,15,500.0,32,16,0.289,0.854,4,0,0,0,Digital Wallet,0
C00833,44,Male,Other,Silver,28,1371.35,246.17,12,500.0,1,18,0.4165,0.596,4,0,0,0,Digital Wallet,0
C00091,69,Male,Balqa,Basic,17,2674.56,271.74,15,249.94,56,18,0.494,0.852,4,0,0,0,Cash,0
C01016,47,Male,Amman,Basic,30,2572.71,216.49,15,419.72,35,17,0.625,0.668,3,0,0,0,Card,0
C00832,59,Female,Amman,Silver,34,2399.03,223.75,14,500.0,54,19,0.477,0.158,5,1,0,0,Card,1
C00383,55,Male,Irbid,Gold,15,1851.38,205.12,17,144.38,0,15,0.433,0.461,4,3,1,0,Digital Wallet,0
C00022,39,Female,Amman,Silver,20,1317.12,133.11,16,172.62,56,21,0.171,0.685,3,2,0,0,Digital Wallet,0
C00058,70,Female,Balqa,Silver,37,2548.41,175.22,14,499.31,210,16,0.636,0.176,5,2,0,1,Cash,0
C00495,69,Female,Amman,Platinum,12,2948.58,406.87,15,296.51,24,24,0.402,0.389,4,2,0,1,Card,1
C00478,58,Male,Amman,Basic,31,1963.72,163.12,14,327.17,147,19,0.279,0.812,3,2,0,0,Card,0
C00316,68,Male,Amman,Gold,33,2138.15,233.69,16,417.87,7,6,0.526,0.594,4,3,1,0,Cash,0
C00038,61,Male,Amman,Gold,28,2590.17,174.2,20,272.01,13,16,0.53,0.516,3,1,0,0,Card,0
C00981,62,Male,Amman,Basic,18,2548.26,214.35,12,322.42,9,21,0.178,0.38,3,2,0,0,Digital Wallet,0
C00465,42,Female,Amman,Platinum,32,2206.54,286.35,26,299.51,0,10,0.18,0.321,3,2,0,0,Digital Wallet,0
C00027,25,Female,Amman,Silver,14,725.52,142.76,13,127.04,18,14,0.551,0.243,4,1,0,1,Card,0
C00210,58,Female,Balqa,Silver,22,2449.43,183.61,11,279.3,3,14,0.689,0.266,5,1,0,0,Bank Transfer,0
C01193,39,Male,Irbid,Basic,84,1462.4,244.48,29,500.0,96,12,0.295,0.41,3,0,0,0,Bank Transfer,0
C00558,44,Male,Balqa,Gold,8,2290.38,375.28,11,291.76,112,19,0.057,0.73,2,3,1,0,Cash,0
C00938,29,Female,Amman,Gold,39,1406.85,230.28,14,500.0,40,12,0.482,0.481,4,2,0,0,Card,0
C00661,33,Male,Balqa,Silver,21,1733.35,214.89,12,375.41,19,19,0.4165,0.354,5,0,0,1,Digital Wallet,0
C00303,27,Male,Amman,Basic,23,1145.41,165.06,18,212.98,37,21,0.475,0.818,4,1,0,1,Cash,0
C00475,22,Male,Other,Gold,31,1214.74,184.75,17,284.8,107,13,0.202,0.133,3,2,0,0,Cash,1
C00627,46,Male,Zarqa,Basic,37,2066.3,154.67,22,256.39,110,15,0.535,0.476,3,4,1,0,Bank Transfer,1
C00814,35,Female,Amman,Basic,84,1856.94,102.63,33,215.76,21,18,0.196,0.097,4,25,0,0,Digital Wallet,1
C00257,31,Female,Zarqa,Gold,6,2274.02,278.02,4,377.92,73,11,0.49,0.907,4,0,0,1,Card,0
C00834,47,Male,Amman,Silver,58,807.67,294.0,23,500.0,65,18,0.278,0.371,4,1,0,0,Digital Wallet,1
C00901,43,Male,Balqa,Gold,41,1665.66,164.13,11,500.0,10,16,0.333,0.124,4,0,0,0,Digital Wallet,0
C00512,23,Female,Amman,Silver,38,1216.43,187.93,19,346.31,37,11,0.397,0.774,5,0,0,0,Digital Wallet,0
C01146,33,Female,Other,Platinum,33,1929.76,439.8,21,500.0,17,19,0.598,0.181,3,3,1,1,Card,0
C00226,27,Female,Amman,Gold,73,1673.33,160.55,26,452.58,6,11,0.214,0.824,4,1,0,1,Digital Wallet,0
C00726,30,Female,Irbid,Silver,84,1497.44,145.37,34,292.64,27,10,0.58,0.379,5,2,0,0,Cash,1
C01102,30,Female,Irbid,Basic,12,1943.22,301.46,13,291.89,53,21,0.183,0.395,2,2,0,0,Digital Wallet,1
C00764,65,Male,Irbid,Basic,30,1792.625,179.29,23,170.3,52,17,0.352,0.383,4,2,0,1,Card,0
C01081,33,Male,Amman,Gold,38,1916.16,229.55,20,443.43,18,16,0.443,0.207,4,0,0,0,Card,0
C00472,24,Female,Irbid,Silver,7,1548.22,200.34,7,177.59,0,8,0.213,0.59,2,3,1,0,Digital Wallet,1
C00297,36,Male,Irbid,Basic,33,1866.07,116.67,20,185.35,44,9,0.45,0.845,3,3,1,1,Cash,0
C00385,30,Male,Other,Basic,55,1873.22,181.61,16,500.0,65,12,0.322,0.888,4,0,0,1,Digital Wallet,0
C00398,69,Male,Amman,Basic,10,2664.35,197.1,6,336.51,3,20,0.502,0.555,4,1,0,0,Cash,0
C00086,53,Female,Balqa,Silver,33,1912.81,270.69,22,385.97,10,20,0.411,0.324,4,4,1,0,Digital Wallet,0
C00861,48,Female,Amman,Platinum,62,1926.02,276.57,26,500.0,1,16,0.387,0.381,4,2,0,1,Card,0
C00778,47,Female,Amman,Silver,31,2029.51,98.38,12,249.72,156,18,0.499,0.506,3,5,1,0,Card,1
C00748,64,Female,Amman,Platinum,36,1792.625,295.61,14,500.0,83,15,0.266,0.454,4,2,0,1,Digital Wallet,0
C00522,35,Male,Amman,Basic,22,1450.04,132.29,8,418.46,5,10,0.36,0.455,5,2,0,0,Bank Transfer,0
C00330,56,Female,Other,Basic,21,1300.85,129.85,10,255.11,205,12,0.24,0.658,3,2,0,0,Cash,0
C00191,64,Female,Other,Basic,37,1706.73,185.57,11,500.0,35,13,0.728,0.422,4,2,0,0,Bank Transfer,0
C00118,34,Male,Zarqa,Basic,37,1458.3,74.39,12,233.98,39,12,0.224,0.61,4,1,0,0,Card,0
C00731,53,Female,Balqa,Platinum,16,2438.12,329.12,11,440.19,36,15,0.219,0.803,4,3,1,0,Card,1
C01122,28,Male,Amman,Gold,56,1560.35,162.41,20,449.04,6,21,0.419,0.498,3,2,0,0,Digital Wallet,0
C00611,57,Female,Amman,Silver,8,2378.3,281.01,11,166.9,27,20,0.521,0.607,3,4,1,0,Digital Wallet,0
C00619,52,Female,Amman,Gold,5,1195.65,244.95,5,194.72,79,14,0.171,0.085,4,2,0,0,Card,1
C00637,44,Male,Amman,Basic,20,2424.86,228.47,9,404.14,2,16,0.119,0.41,4,2,0,0,Card,0
C00649,36,Female,Amman,Basic,50,1485.89,187.99,20,483.7,23,17,0.705,0.096,3,6,1,0,Digital Wallet,1
C00144,45,Female,Balqa,Basic,42,1309.86,157.73,20,265.24,3,18,0.585,0.688,4,2,0,1,Card,0
C00227,67,Female,Amman,Gold,8,2350.16,308.57,9,315.77,21,20,0.578,0.425,4,3,1,1,Cash,0
C00767,67,Male,Irbid,Silver,47,1397.63,266.27,29,416.72,58,18,0.303,0.51,3,0,0,1,Digital Wallet,0
C00258,40,Female,Irbid,Silver,32,2009.18,219.48,11,500.0,15,15,0.687,0.516,4,0,0,1,Card,0
C00256,19,Male,Irbid,Basic,28,1482.34,168.44,16,298.33,14,21,0.203,0.618,3,2,0,0,Cash,0
C00462,61,Female,Amman,Basic,69,2249.97,138.59,21,381.46,4,16,0.4165,0.625,3,1,0,0,Card,0
C01043,31,Male,Zarqa,Platinum,38,2259.82,180.52,24,367.0,23,13,0.783,0.377,4,0,0,1,Cash,0
C00450,42,Male,Amman,Silver,45,1633.54,381.71,24,500.0,27,17,0.372,0.049,3,2,0,1,Card,0
C00185,37,Male,Amman,Basic,5,2183.5,106.64,6,95.84,6,11,0.196,0.138,4,3,1,0,Card,0
C00224,23,Male,Irbid,Basic,14,1157.95,146.41,8,262.15,51,13,0.526,0.061,2,2,1,0,Card,1
C01050,28,Male,Balqa,Basic,21,1694.06,90.47,12,158.57,219,13,0.119,0.494,4,0,0,0,Digital Wallet,1
C00170,63,Male,Amman,Basic,42,1652.66,120.94,21,218.4,23,23,0.561,0.695,3,4,1,0,Bank Transfer,1
C00702,60,Male,Amman,Silver,22,2855.48,324.31,19,414.54,3,18,0.582,0.157,4,2,0,1,Card,0
C01005,35,Male,Amman,Silver,22,1794.05,329.9,12,500.0,4,20,0.583,0.101,3,0,0,0,Digital Wallet,0
C01067,58,Female,Other,Silver,25,2562.99,149.72,7,443.99,58,13,0.301,0.538,3,3,1,0,Digital Wallet,0
C00207,26,Female,Amman,Basic,11,1979.46,116.11,1,500.0,5,13,0.339,0.151,3,3,1,1,Digital Wallet,0
C00270,31,Male,Amman,Basic,45,585.75,67.11,15,221.12,98,13,0.545,0.375,4,3,1,1,Digital Wallet,1
C00346,28,Male,Other,Gold,53,1236.43,179.24,20,500.0,112,22,0.668,0.686,3,3,1,1,Cash,0
C00880,26,Male,Irbid,Basic,14,1792.625,62.03,2,432.66,6,8,0.372,0.435,4,2,0,0,Card,1
C00165,67,Male,Other,Basic,16,1827.61,113.14,8,266.71,31,9,0.44,0.424,4,3,1,0,Card,0
C00016,25,Male,Irbid,Basic,30,1665.36,94.39,15,172.33,44,18,0.725,0.048,5,0,0,1,Cash,0
C00192,42,Male,Amman,Basic,11,2365.58,78.53,4,222.15,38,21,0.278,0.245,2,1,1,0,Digital Wallet,1
C00798,42,Male,Amman,Basic,22,2060.07,137.28,6,495.94,122,8,0.383,0.251,3,2,0,0,Card,1
C00943,62,Female,Amman,Basic,19,2480.64,84.87,8,213.5,27,10,0.143,0.418,3,2,0,1,Cash,1
C00480,22,Male,Irbid,Platinum,48,1363.94,244.35,34,305.75,21,21,0.347,0.745,4,1,0,1,Digital Wallet,0
C00447,24,Male,Amman,Basic,29,1610.16,53.48,16,88.24,5,11,0.29,0.292,4,1,0,1,Card,0
C00727,49,Male,Amman,Basic,28,2693.35,240.22,20,319.45,101,19,0.647,0.772,3,2,0,0,Cash,0
C00002,56,Female,Irbid,Basic,37,1792.625,211.14,9,500.0,72,15,0.547,0.632,3,3,1,0,Card,1
C00079,36,Female,Amman,Basic,32,1924.73,143.14,20,245.5,23,8,0.886,0.7,5,0,0,1,Bank Transfer,0
C00351,30,Male,Zarqa,Gold,17,1403.98,211.36,10,349.27,35,12,0.438,0.425,4,3,1,1,Card,0
C00955,28,Female,Balqa,Basic,34,1931.7,153.12,18,250.17,25,16,0.281,0.731,2,3,1,0,Cash,1
C00141,41,Female,Amman,Platinum,8,1080.43,200.61,8,267.29,22,10,0.254,0.659,4,2,0,0,Bank Transfer,0
C00863,41,Male,Balqa,Silver,55,1830.05,80.57,33,132.17,21,14,0.573,0.045,4,0,0,0,Card,0
C00043,27,Female,Irbid,Gold,24,1441.11,186.47,14,330.11,32,15,0.165,0.7,3,2,0,0,Card,0
C01166,46,Female,Amman,Basic,22,1582.6,214.4,9,500.0,21,15,0.538,0.437,2,2,1,0,Digital Wallet,1
C00896,29,Male,Balqa,Gold,16,1873.66,349.52,14,404.4,88,22,0.417,0.434,3,3,1,0,Digital Wallet,0
C00982,28,Female,Amman,Silver,39,2226.7,148.46,17,255.44,15,11,0.768,0.138,4,3,1,1,Card,0
C01026,39,Male,Zarqa,Basic,13,1021.75,156.01,13,150.08,1,14,0.66,0.336,4,1,0,0,Card,0
C00581,48,Male,Irbid,Silver,14,1767.2,171.85,13,136.17,10,19,0.516,0.604,3,1,0,1,Digital Wallet,0
C00907,60,Male,Amman,Silver,11,1797.93,123.78,8,182.16,62,17,0.554,0.314,3,1,0,0,Digital Wallet,1
C00622,24,Female,Balqa,Silver,84,763.35,137.89,44,248.45,228,14,0.578,0.619,5,3,1,1,Card,0
C00738,31,Male,Irbid,Gold,43,1385.7,164.79,20,364.47,16,15,0.435,0.382,2,5,1,0,Card,1
C00672,70,Female,Zarqa,Gold,13,2480.06,165.56,7,252.6,40,10,0.936,0.685,4,2,0,0,Card,0
C01042,53,Female,Other,Platinum,43,2185.1,357.62,20,500.0,49,23,0.469,0.526,4,0,0,1,Bank Transfer,0
C00211,57,Male,Amman,Basic,25,1074.81,243.78,20,278.43,31,16,0.585,0.12,1,8,1,0,Bank Transfer,1
C00983,30,Female,Amman,Gold,56,1028.43,187.49,19,500.0,142,11,0.22,0.836,2,5,1,1,Card,1
C00563,22,Female,Irbid,Gold,57,1529.81,179.3,22,421.52,111,16,0.361,0.465,3,3,1,0,Cash,1
C01070,41,Male,Zarqa,Gold,22,1654.87,169.98,10,415.03,121,18,0.48,0.428,3,1,0,0,Cash,1
C00682,24,Female,Zarqa,Silver,75,936.7,126.48,26,327.92,81,15,0.38,0.654,2,4,1,0,Card,0
C01112,47,Female,Irbid,Gold,70,1335.29,377.75,45,485.92,90,28,0.521,0.02,3,1,0,1,Bank Transfer,0
C00095,52,Male,Balqa,Basic,15,1066.69,149.42,11,186.96,16,16,0.275,0.356,1,3,1,0,Card,0
C01086,61,Female,Other,Gold,50,3009.92,207.02,27,349.46,51,20,0.282,0.513,3,0,0,0,Card,0
C00041,60,Male,Amman,Silver,21,1514.55,218.74,14,324.32,0,19,0.374,0.658,4,0,0,1,Card,0
C00492,24,Male,Amman,Gold,16,1807.6,432.98,14,412.82,100,17,0.202,0.255,4,3,1,0,Digital Wallet,1
C00951,52,Female,Amman,Platinum,22,2164.73,198.38,15,273.5,91,22,0.296,0.379,3,3,1,1,Cash,0
C01052,53,Female,Amman,Basic,25,2072.55,138.74,10,340.36,34,17,0.248,0.217,3,5,1,0,Card,1
C00017,53,Female,Irbid,Platinum,9,2031.03,245.51,8,294.26,74,16,0.45,0.468,2,3,1,1,Cash,1
C00401,19,Male,Amman,Silver,44,766.39,239.07,33,402.06,36,12,0.733,0.322,5,2,0,0,Card,0
C00023,56,Male,Irbid,Gold,34,2237.52,271.05,21,350.57,90,17,0.495,0.675,2,4,1,0,Cash,0
C00120,63,Male,Amman,Gold,12,2645.35,251.66,12,210.1,10,26,0.213,0.495,3,3,1,1,Card,0
C00485,61,Female,Amman,Basic,8,1763.09,404.17,22,149.08,46,16,0.177,0.603,5,2,0,1,Card,0
C01022,56,Female,Amman,Basic,27,2362.4,157.54,17,258.87,34,14,0.608,0.163,4,1,0,1,Bank Transfer,0
C00511,23,Female,Amman,Basic,68,1483.38,83.25,24,239.87,2,14,0.606,0.116,3,2,0,1,Cash,0
C00246,40,Male,Irbid,Gold,13,1430.2,335.74,14,265.29,29,21,0.207,0.461,3,3,1,0,Card,0
C00820,68,Female,Other,Gold,10,2189.97,172.06,4,411.27,101,17,0.631,0.704,3,3,1,0,Card,0
C00900,31,Female,Other,Basic,51,930.01,128.94,31,209.79,6,14,0.291,0.703,3,3,1,0,Bank Transfer,0
C00688,40,Male,Zarqa,Gold,11,1404.56,196.59,12,144.45,85,22,0.443,0.507,4,3,1,1,Cash,0
C00434,41,Male,Zarqa,Silver,32,2776.55,180.52,16,494.29,45,27,0.455,0.083,3,3,1,0,Bank Transfer,0
C00821,25,Female,Irbid,Silver,68,711.85,176.4,24,500.0,7,20,0.369,0.827,5,0,0,0,Card,0
C00620,27,Male,Other,Silver,18,1398.35,110.37,5,374.8,8,15,0.386,0.088,4,0,0,0,Card,0
C00453,19,Female,Amman,Gold,31,1393.38,217.45,17,324.23,12,16,0.319,0.838,5,1,0,0,Card,1
C00707,26,Female,Other,Basic,28,2078.77,151.84,18,252.83,5,16,0.607,0.363,5,0,0,1,Digital Wallet,0
C00494,63,Male,Amman,Basic,33,2752.94,215.82,20,381.35,11,16,0.493,0.371,4,0,0,0,Digital Wallet,0
C00807,32,Female,Other,Platinum,13,2900.6,344.33,12,313.99,18,19,0.401,0.689,4,0,0,0,Cash,0
C01078,19,Male,Zarqa,Gold,84,1582.57,354.03,40,500.0,26,18,0.465,0.841,4,2,0,0,Card,0
C00593,28,Female,Amman,Silver,56,890.4,188.39,18,500.0,33,12,0.302,0.139,5,1,0,1,Card,0
C00598,37,Female,Amman,Basic,11,1730.26,89.66,5,178.43,4,7,0.437,0.422,5,0,0,1,Bank Transfer,0
C00435,21,Female,Amman,Gold,9,919.6,196.21,9,181.63,9,17,0.093,0.198,3,2,0,0,Digital Wallet,0
C00776,59,Male,Zarqa,Silver,16,697.04,159.61,5,460.93,75,15,0.165,0.084,2,0,1,0,Card,1
C00958,44,Female,Amman,Basic,20,1870.65,106.43,12,108.16,2,11,0.281,0.766,4,3,1,1,Card,0
C00286,48,Female,Amman,Basic,21,1363.08,42.04,8,114.66,240,9,0.327,0.486,4,1,0,1,Digital Wallet,1
C00959,44,Female,Zarqa,Silver,7,2278.35,122.28,6,153.13,5,11,0.432,0.264,3,1,0,0,Card,0
C01038,51,Male,Amman,Silver,25,2757.91,171.5,11,359.28,3,5,0.471,0.38,3,3,1,1,Card,0
C00312,45,Male,Irbid,Basic,7,1746.94,89.98,5,120.56,18,16,0.138,0.717,4,2,0,0,Card,1
C01199,26,Female,Amman,Platinum,32,1798.78,180.52,15,452.43,21,350,0.688,0.71,4,1,0,1,Card,0
C00066,30,Male,Irbid,Platinum,23,1746.7,314.08,17,347.79,137,19,0.858,0.338,5,1,0,0,Bank Transfer,0
C00092,62,Female,Amman,Basic,11,1280.93,230.52,8,281.86,54,22,0.283,0.415,3,3,1,0,Card,0
C00849,63,Male,Irbid,Silver,33,2302.43,239.36,12,466.53,9,11,0.214,0.259,4,0,0,0,Cash,0
C00557,41,Male,Amman,Silver,6,1926.47,169.27,4,253.3,3,14,0.237,0.298,5,0,0,0,Card,0
C00361,58,Female,Irbid,Silver,28,1953.96,163.82,17,210.92,107,10,0.837,0.472,3,2,0,1,Cash,0
C00766,48,Male,Other,Gold,36,1393.08,305.77,21,334.13,13,24,0.048,0.272,4,2,0,0,Card,0
C00813,61,Male,Amman,Basic,23,2211.07,180.99,20,206.77,29,10,0.524,0.256,2,3,1,0,Card,0
C00735,64,Male,Zarqa,Silver,5,2029.84,137.52,3,227.06,10,11,0.299,0.236,3,1,0,0,Digital Wallet,0
C00775,64,Male,Irbid,Platinum,52,2724.26,436.2,31,500.0,36,22,0.603,0.377,3,3,1,0,Bank Transfer,0
C00056,46,Male,Amman,Silver,27,1850.39,112.61,15,156.79,28,15,0.666,0.546,5,1,0,0,Cash,0
C00049,44,Male,Other,Basic,14,2002.07,102.07,9,159.48,24,13,0.272,0.447,4,1,0,0,Digital Wallet,0
C00024,66,Male,Irbid,Silver,40,1561.21,139.85,15,338.29,12,17,0.541,0.708,4,2,0,1,Card,0
C00136,67,Male,Irbid,Basic,26,2475.8,114.14,12,212.03,31,15,0.431,0.756,5,0,0,1,Digital Wallet,0
C00638,30,Male,Amman,Gold,31,1798.68,159.16,10,500.0,58,18,0.643,0.526,2,6,1,1,Digital Wallet,1
C01169,32,Female,Amman,Silver,10,1174.25,203.48,7,258.23,41,17,0.15,0.322,3,4,1,0,Card,0
C00980,44,Male,Other,Gold,43,1256.53,171.75,18,300.63,18,14,0.29,0.176,3,3,1,1,Cash,0
C00158,28,Female,Amman,Platinum,35,1713.64,234.59,15,481.85,21,25,0.579,0.543,2,2,1,1,Card,0
C00387,48,Female,Irbid,Basic,19,1938.16,275.2,19,231.12,3,23,0.272,0.732,4,1,0,0,Card,0
C00458,43,Male,Irbid,Gold,26,1579.47,321.15,15,500.0,31,21,0.505,0.299,5,0,0,0,Card,0
C00142,45,Male,Amman,Basic,34,2108.6,410.82,23,479.44,14,25,0.562,0.781,4,1,0,0,Digital Wallet,0
C01000,31,Female,Amman,Basic,12,1341.06,194.19,10,242.15,78,10,0.4165,0.081,3,1,0,0,Card,0
C00815,58,Male,Irbid,Silver,7,1792.625,355.54,17,155.97,24,22,0.256,0.401,3,1,0,0,Card,0
C01033,63,Female,Other,Basic,58,3287.68,206.3,31,263.71,83,13,0.199,0.618,3,0,0,1,Card,1
C00357,45,Male,Amman,Gold,15,2364.52,195.67,10,218.42,92,9,0.607,0.326,4,0,0,0,Card,0
C00338,23,Female,Amman,Basic,46,1508.32,100.43,19,248.37,122,14,0.303,0.842,4,1,0,0,Cash,1
C00905,45,Female,Balqa,Platinum,18,2409.28,271.54,18,245.31,42,17,0.439,0.312,5,1,0,0,Card,0
C00111,47,Female,Amman,Basic,22,1308.4,110.02,9,206.39,57,14,0.4165,0.5,5,1,0,1,Card,0
C00696,62,Male,Irbid,Basic,29,1929.7,109.32,9,336.99,48,14,0.309,0.108,3,1,0,0,Card,0
C00108,60,Female,Amman,Basic,40,2094.23,151.67,19,283.02,72,13,0.717,0.232,4,0,0,0,Card,0
C00761,44,Male,Zarqa,Silver,74,2712.38,170.05,32,325.74,80,12,0.728,0.287,4,1,0,0,Cash,0
C00028,21,Female,Amman,Silver,38,758.09,148.03,21,275.07,42,12,0.722,0.313,2,2,1,1,Digital Wallet,0
C00444,49,Male,Amman,Silver,59,1863.75,127.63,15,451.28,3,16,0.152,0.281,5,1,0,0,Digital Wallet,0
C00742,46,Female,Other,Basic,33,1873.19,96.78,13,211.77,18,12,0.66,0.492,5,0,0,1,Digital Wallet,0
C00510,39,Male,Zarqa,Platinum,8,2328.34,250.0,4,342.37,83,14,0.273,0.553,3,2,0,1,Card,0
C00335,48,Female,Amman,Basic,42,1817.78,137.97,17,340.91,98,17,0.246,0.431,5,2,0,0,Card,0
C01051,26,Female,Amman,Basic,65,577.26,36.59,21,122.36,13,18,0.402,0.504,5,2,0,0,Cash,0
C00906,53,Female,Irbid,Basic,22,2305.95,322.24,17,417.32,36,20,0.697,0.56,4,2,0,0,Card,0
C00610,67,Female,Amman,Silver,28,1925.91,146.07,12,295.42,43,17,0.555,0.366,3,1,0,1,Cash,0
C00084,28,Male,Amman,Basic,35,1316.5,103.02,18,196.0,99,13,0.45,0.092,5,0,0,0,Card,0
C00365,47,Male,Amman,Silver,28,1546.27,199.06,17,321.04,53,15,0.532,0.588,3,0,0,1,Card,0
C00762,25,Female,Amman,Gold,15,1026.38,154.99,4,495.15,80,18,0.061,0.508,4,1,0,0,Card,0
C00069,69,Female,Irbid,Gold,1,2728.96,319.16,6,42.99,63,21,0.26,0.655,3,1,0,0,Digital Wallet,0
C00260,48,Female,Other,Basic,37,2000.34,73.81,22,129.29,26,14,0.836,0.363,4,2,0,1,Card,0
C00107,26,Female,Amman,Platinum,33,1848.78,276.68,11,500.0,205,21,0.358,0.314,4,1,0,1,Card,1
C00681,22,Female,Irbid,Gold,38,2085.05,341.0,15,500.0,74,19,0.681,0.649,4,1,0,1,Digital Wallet,0
C00020,18,Female,Amman,Basic,44,452.66,69.32,20,161.88,97,7,0.066,0.643,5,0,0,0,Cash,0
C01012,44,Male,Amman,Gold,21,2528.52,227.45,10,500.0,18,13,0.405,0.207,5,3,1,0,Card,1
C00314,36,Female,Amman,Basic,33,1711.49,337.09,19,500.0,1,13,0.224,0.372,5,2,0,0,Card,0
C01164,53,Male,Irbid,Platinum,7,2163.6,313.69,11,187.2,42,17,0.598,0.537,5,3,1,0,Cash,0
C01118,21,Female,Amman,Basic,17,1167.3,111.01,4,500.0,41,14,0.568,0.425,4,3,1,0,Digital Wallet,0
C00553,69,Male,Amman,Gold,51,1996.43,217.45,29,432.39,57,15,0.256,0.209,4,1,0,0,Bank Transfer,1
C00137,39,Male,Amman,Silver,55,2265.74,187.38,28,315.02,48,19,0.659,0.629,4,0,0,0,Cash,0
C00860,22,Male,Zarqa,Basic,29,1360.52,177.82,15,348.66,9,16,0.338,0.34,3,1,0,0,Card,0
C00667,39,Female,Other,Silver,24,1140.19,85.85,12,181.46,48,10,0.553,0.213,4,1,0,1,Card,0
C00673,57,Female,Irbid,Gold,41,1747.56,256.52,13,500.0,54,7,0.273,0.403,3,3,1,0,Digital Wallet,1
C00427,69,Male,Irbid,Basic,26,2266.66,117.81,12,234.29,52,10,0.053,0.579,3,1,0,1,Card,1
C00515,58,Male,Irbid,Basic,55,2125.36,177.2,18,448.11,2,21,0.106,0.733,2,4,1,1,Digital Wallet,0
C00282,45,Female,Zarqa,Basic,37,1871.71,141.7,14,308.88,61,16,0.338,0.228,3,0,0,0,Digital Wallet,1
C00543,27,Male,Amman,Silver,9,1145.81,104.58,7,132.83,9,16,0.113,0.462,4,0,0,0,Card,1
C00857,30,Male,Balqa,Basic,5,1440.08,196.65,6,169.93,1,13,0.462,0.421,4,1,0,0,Card,0
C00654,50,Male,Irbid,Platinum,8,1647.04,247.79,14,111.3,9,14,0.4165,0.864,4,3,1,1,Cash,0
C01184,63,Male,Other,Gold,62,1878.74,277.71,21,500.0,2,28,0.543,0.371,3,1,0,0,Digital Wallet,1
C00962,51,Male,Irbid,Gold,60,2194.54,220.28,22,500.0,75,15,0.205,0.723,4,0,0,0,Card,0
C00499,20,Female,Amman,Basic,24,1069.9,124.92,9,356.26,110,14,0.244,0.306,4,0,0,1,Card,1
C00947,20,Male,Zarqa,Basic,66,1366.35,146.06,22,365.28,38,18,0.638,0.39,3,1,0,1,Card,0
C00197,63,Female,Irbid,Silver,46,1708.26,166.4,20,312.62,11,17,0.452,0.51,3,2,0,1,Card,0
C00772,45,Male,Amman,Silver,10,1240.4,102.63,7,139.68,69,14,0.243,0.294,4,1,0,0,Card,0
C01172,52,Male,Zarqa,Silver,23,1898.07,158.78,14,209.53,22,16,0.573,0.24,4,0,0,0,Cash,0
C00526,19,Female,Irbid,Platinum,17,1629.6,284.67,17,306.17,19,21,0.389,0.517,3,0,0,0,Card,0
C00484,57,Female,Amman,Silver,12,2290.89,158.61,9,204.29,131,14,0.221,0.512,3,4,1,1,Cash,0
C00025,32,Male,Irbid,Basic,4,1518.41,98.22,3,138.05,43,8,0.258,0.494,3,2,0,0,Digital Wallet,0
C00782,49,Male,Irbid,Gold,28,1377.11,355.34,21,492.16,3,17,0.647,0.467,3,5,1,0,Card,0
C00810,70,Male,Irbid,Gold,35,2182.44,364.42,18,500.0,20,15,0.716,0.186,4,3,1,1,Card,0
C00384,59,Male,Amman,Platinum,9,3053.6,367.84,18,182.9,2,19,0.146,0.497,4,3,1,0,Card,1
C00006,25,Female,Zarqa,Basic,3,1196.32,193.68,9,66.66,92,22,0.677,0.296,3,1,0,1,Digital Wallet,0
C00913,49,Male,Amman,Silver,8,1425.24,180.47,5,305.35,5,12,0.336,0.752,4,1,0,1,Bank Transfer,0
C00666,49,Male,Other,Silver,8,1818.19,236.35,10,151.16,11,15,0.514,0.146,4,1,0,0,Card,0
C00869,29,Female,Amman,Gold,15,1531.64,155.83,10,240.13,17,12,0.343,0.421,5,0,0,1,Card,0
C00800,61,Female,Zarqa,Silver,17,2174.49,238.85,7,500.0,18,12,0.575,0.638,5,2,0,0,Bank Transfer,0
C01008,69,Female,Amman,Silver,41,2020.36,241.89,19,486.95,18,14,0.363,0.544,3,3,1,0,Bank Transfer,0
C00044,19,Female,Amman,Platinum,60,1792.625,279.5,24,500.0,139,17,0.453,0.107,3,1,0,0,Card,0
C00295,52,Female,Amman,Silver,59,1418.28,82.9,27,183.16,6,13,0.093,0.442,4,0,0,0,Digital Wallet,0
C00310,54,Female,Irbid,Silver,28,2325.95,121.76,13,269.55,9,11,0.605,0.28,4,4,1,0,Card,1
C01190,54,Male,Amman,Basic,39,1426.42,131.99,16,259.34,49,14,0.372,0.554,5,0,0,0,Card,0
C00519,19,Male,Balqa,Platinum,16,1885.61,420.46,14,361.72,5,17,0.125,0.585,3,0,0,0,Digital Wallet,0
C00366,66,Female,Zarqa,Gold,12,1844.63,153.17,12,129.03,2,17,0.646,0.142,3,2,0,0,Digital Wallet,0
C00064,67,Female,Zarqa,Basic,10,1608.42,205.12,9,224.04,2,17,0.431,0.305,3,3,1,1,Card,0
C00354,68,Female,Zarqa,Gold,13,2968.75,240.72,12,194.16,3,14,0.603,0.954,4,1,0,1,Cash,0
C00890,33,Female,Other,Basic,47,611.04,103.52,24,192.51,1,7,0.408,0.26,3,2,0,0,Cash,1
C00816,33,Male,Amman,Basic,21,1752.07,181.5,12,280.92,22,14,0.204,0.426,4,4,1,0,Cash,0
C00307,19,Male,Zarqa,Gold,17,1722.33,216.63,12,276.37,24,25,0.42,0.849,2,2,0,1,Card,0
C00399,24,Female,Other,Gold,5,1116.35,254.04,5,265.25,2,15,0.312,0.579,3,1,0,1,Card,0
C00222,43,Female,Zarqa,Platinum,37,2441.11,218.96,15,500.0,2,24,0.328,0.756,3,1,0,1,Card,0
C01168,42,Female,Amman,Basic,13,1645.78,177.55,5,435.32,19,18,0.704,0.577,3,3,1,0,Card,0
C00641,45,Female,Amman,Silver,8,1447.96,190.62,11,116.74,5,11,0.458,0.809,3,2,0,1,Card,0
C01133,69,Male,Amman,Basic,84,1539.51,204.57,33,500.0,5,20,0.359,0.476,3,3,1,0,Card,0
C00771,36,Male,Amman,Basic,42,837.41,46.35,16,122.62,13,14,0.302,0.733,4,0,0,0,Cash,0
C00018,20,Male,Irbid,Silver,65,1043.67,133.61,17,500.0,12,20,0.648,0.136,3,0,0,1,Cash,0
C00734,46,Male,Amman,Silver,20,1984.51,114.84,10,190.41,54,14,0.293,0.772,3,0,0,1,Digital Wallet,0
C00827,44,Male,Amman,Gold,21,2102.48,240.65,12,322.71,75,16,0.512,0.451,4,0,0,1,Digital Wallet,0
C00013,54,Male,Amman,Silver,3,1587.74,305.8,7,148.9,145,17,0.211,0.698,3,0,0,1,Cash,1
C00298,20,Female,Irbid,Silver,30,1851.68,102.88,16,151.49,46,15,0.602,0.185,4,1,0,1,Card,0
C00683,45,Male,Amman,Silver,3,1548.87,152.83,5,93.87,11,14,0.447,0.41,4,4,1,0,Card,0
C00262,57,Male,Amman,Basic,22,2063.38,128.02,15,202.3,8,14,0.543,0.522,3,4,1,1,Card,0
C01154,46,Female,Other,Basic,41,1385.62,84.72,19,196.97,3,12,0.291,0.295,3,2,0,0,Digital Wallet,0
C00609,18,Male,Zarqa,Platinum,14,1425.71,272.72,17,256.3,147,25,0.421,0.161,4,1,0,0,Digital Wallet,1
C01116,56,Female,Irbid,Basic,10,1994.23,173.54,7,231.59,22,27,0.414,0.74,5,0,0,1,Bank Transfer,1
C01047,39,Female,Amman,Basic,9,2074.9,309.31,11,242.37,34,16,0.578,0.543,4,4,1,1,Card,1
C00794,62,Male,Other,Silver,4,1745.55,149.37,6,90.66,7,12,0.731,0.732,4,3,1,0,Digital Wallet,0
C01082,45,Male,Irbid,Gold,14,1837.42,193.81,8,343.09,64,20,0.255,0.025,4,3,1,1,Card,0
C01017,68,Male,Zarqa,Basic,15,1738.79,222.95,9,357.38,9,21,0.363,0.567,4,1,0,0,Digital Wallet,0
C00496,22,Male,Amman,Silver,19,2033.73,270.49,10,362.16,94,16,0.451,0.152,4,0,0,1,Card,0
C00143,43,Male,Amman,Gold,12,1882.8,322.34,17,251.06,122,20,0.623,0.338,4,2,0,0,Digital Wallet,0
C00129,48,Female,Zarqa,Silver,37,1350.77,144.33,15,323.7,8,17,0.354,0.199,5,1,0,1,Digital Wallet,0
C00416,46,Male,Balqa,Basic,28,2247.9,247.94,21,353.02,83,18,0.238,0.719,4,3,1,1,Cash,0
C01054,55,Female,Irbid,Basic,9,1733.31,187.76,16,94.6,0,17,0.616,0.019,4,0,0,0,Card,0
C00976,20,Female,Amman,Silver,15,733.45,193.11,11,238.2,88,15,0.578,0.498,5,1,0,0,Cash,0
C00875,24,Female,Amman,Gold,55,2216.39,289.61,27,500.0,81,15,0.111,0.575,4,1,0,0,Digital Wallet,0
C00420,20,Male,Amman,Basic,22,1273.42,118.66,10,284.83,9,11,0.141,0.281,4,1,0,0,Bank Transfer,1
C00238,23,Male,Zarqa,Basic,28,1471.47,120.34,16,231.52,8,13,0.211,0.421,4,2,0,1,Card,0
C01148,54,Female,Other,Basic,26,1071.73,128.38,15,234.67,39,11,0.238,0.729,2,2,1,1,Card,1
C01031,42,Male,Zarqa,Basic,24,2776.7,100.36,13,163.25,67,9,0.292,0.684,3,3,1,0,Card,0
C00850,29,Male,Amman,Platinum,21,2899.64,337.26,19,391.46,13,18,0.716,0.539,3,0,0,0,Cash,0
C00405,56,Male,Balqa,Basic,6,678.7,127.77,6,127.15,91,11,0.48,0.907,5,0,0,0,Card,0
C00265,40,Female,Amman,Platinum,59,2128.29,205.05,24,419.11,96,15,0.169,0.265,4,1,0,0,Card,1
C00313,32,Female,Irbid,Basic,28,1624.72,108.77,10,316.41,87,15,0.273,0.305,5,0,0,0,Card,0
C01088,23,Female,Amman,Gold,49,1601.17,184.14,19,500.0,9,16,0.271,0.114,4,2,0,1,Card,1
C01156,21,Male,Amman,Gold,26,811.02,132.88,12,213.11,0,11,0.311,0.123,3,5,1,0,Card,1
C00178,58,Female,Amman,Silver,47,1970.49,270.4,26,419.6,37,14,0.215,0.308,4,1,0,0,Cash,0
C00134,37,Male,Amman,Basic,5,2378.71,99.45,5,106.98,24,14,0.447,0.285,3,1,0,1,Digital Wallet,0
C00560,67,Male,Amman,Basic,19,1995.47,171.16,9,262.38,20,13,0.037,0.709,2,5,1,1,Digital Wallet,0
C00264,24,Male,Zarqa,Gold,31,1097.96,194.49,8,500.0,35,17,0.317,0.757,3,1,0,1,Cash,0
C00151,62,Female,Amman,Basic,50,1904.81,221.85,22,500.0,3,14,0.276,0.311,4,1,0,1,Card,0
C00333,21,Male,Amman,Silver,22,1810.33,180.52,8,284.77,92,17,0.845,0.753,5,0,0,1,Bank Transfer,0
C00842,53,Female,Amman,Gold,44,2108.14,147.58,16,413.87,62,15,0.123,0.426,5,0,0,0,Digital Wallet,0
C00489,40,Female,Zarqa,Basic,63,2114.81,91.97,31,192.68,17,18,0.323,0.144,3,0,0,0,Digital Wallet,1
C01155,59,Female,Amman,Basic,63,2259.77,145.75,19,495.43,31,11,0.632,0.572,3,2,0,1,Digital Wallet,0
C00589,19,Male,Amman,Platinum,32,1893.32,265.67,21,448.86,78,17,0.685,0.431,3,2,0,1,Cash,0
C00594,42,Male,Amman,Gold,44,2273.24,219.51,18,497.94,59,20,0.218,0.65,4,1,0,0,Digital Wallet,1
C00345,68,Female,Amman,Silver,22,2263.75,163.84,15,251.89,64,13,0.426,0.22,3,4,1,1,Digital Wallet,1
C00098,19,Female,Amman,Silver,44,1667.53,174.89,20,328.54,53,11,0.394,0.468,4,0,0,0,Card,1
C00626,70,Male,Zarqa,Gold,5,2565.62,333.62,10,168.32,24,16,0.22,0.279,4,2,0,1,Cash,0
C01176,64,Female,Amman,Basic,21,2663.89,180.52,13,285.61,11,16,0.491,0.611,3,2,0,1,Cash,0
C00397,19,Female,Amman,Basic,52,1029.39,77.83,17,238.56,8,17,0.136,0.666,5,1,0,0,Digital Wallet,1
C01087,26,Female,Balqa,Basic,14,1418.96,143.11,9,178.14,4,14,0.655,0.636,3,2,0,1,Digital Wallet,0
C00945,34,Male,Amman,Silver,28,1339.68,120.37,6,500.0,48,14,0.841,0.774,3,1,0,1,Card,0
C00326,48,Female,Irbid,Basic,54,1793.61,85.61,29,119.09,10,14,0.192,0.625,3,3,1,0,Digital Wallet,0
C00783,70,Female,Balqa,Basic,9,1851.51,90.36,4,160.68,4,11,0.763,0.414,2,0,0,1,Digital Wallet,1
C00562,25,Male,Amman,Silver,13,1317.27,205.54,12,241.22,39,12,0.464,0.688,4,3,1,1,Card,0
C00216,51,Female,Other,Gold,9,1404.43,332.95,17,153.44,124,20,0.68,0.416,3,2,0,1,Digital Wallet,0
C00882,48,Male,Amman,Gold,16,2036.27,307.06,10,500.0,159,14,0.391,0.372,4,2,0,0,Card,0
C00804,54,Female,Amman,Silver,58,2132.93,156.62,20,380.87,3,14,0.417,0.443,4,1,0,0,Card,0
C00754,64,Male,Amman,Platinum,9,2406.71,247.58,9,244.64,26,14,0.324,0.752,5,0,0,1,Card,0
C00662,36,Female,Zarqa,Silver,26,1457.89,109.47,12,244.43,21,16,0.39,0.433,4,2,0,1,Digital Wallet,0
C01165,42,Female,Amman,Basic,37,642.44,67.76,13,203.41,83,15,0.822,0.437,4,0,0,0,Card,1
C01044,25,Female,Zarqa,Gold,43,1235.16,203.91,16,500.0,18,22,0.359,0.472,3,0,0,0,Card,0
C00083,54,Male,Amman,Gold,25,2839.04,239.4,10,500.0,50,15,0.503,0.415,3,8,1,0,Card,1
C00713,29,Female,Amman,Basic,25,1424.32,141.59,20,163.38,56,17,0.163,0.449,2,2,0,0,Card,1
C00121,67,Male,Balqa,Silver,22,2373.87,189.16,15,210.15,1,22,0.534,0.223,4,1,0,0,Digital Wallet,0
C00389,68,Female,Balqa,Basic,7,2487.43,111.68,6,129.04,6,10,0.211,0.383,5,1,0,0,Card,0
C01035,23,Male,Zarqa,Basic,26,1072.17,263.73,17,450.44,55,9,0.194,0.532,4,2,0,0,Digital Wallet,1
C01049,22,Male,Amman,Basic,19,1198.55,97.11,12,154.75,4,19,0.07,0.104,4,1,0,0,Card,1
C00524,24,Male,Balqa,Silver,24,1131.71,156.07,19,156.06,96,11,0.373,0.651,4,2,0,0,Digital Wallet,0
C01085,36,Female,Amman,Platinum,64,1695.58,223.28,26,436.84,17,13,0.4165,0.745,2,3,1,0,Cash,0
C00431,44,Female,Amman,Platinum,28,2590.3,354.7,15,500.0,135,18,0.613,0.373,4,1,0,0,Digital Wallet,0
C00933,30,Male,Amman,Basic,51,1421.19,126.71,19,343.99,44,8,0.446,0.337,4,2,0,0,Digital Wallet,0
C00101,44,Female,Irbid,Gold,51,2220.83,231.76,25,500.0,35,18,0.909,0.499,4,4,1,1,Card,0
C00292,31,Female,Amman,Platinum,19,1978.42,293.05,15,297.23,31,15,0.573,0.684,3,7,1,1,Digital Wallet,0
C00523,28,Female,Irbid,Gold,84,1822.63,269.03,31,500.0,69,12,0.554,0.492,4,0,0,1,Digital Wallet,0
C00404,51,Male,Amman,Silver,52,2238.07,185.35,20,500.0,231,14,0.591,0.226,4,1,0,1,Bank Transfer,0
C00362,41,Female,Zarqa,Basic,40,1559.98,206.49,23,384.35,2,10,0.444,0.185,4,1,0,0,Digital Wallet,0
C00929,57,Female,Balqa,Silver,32,1585.06,186.27,15,381.15,58,9,0.084,0.77,4,3,1,0,Digital Wallet,0
C00081,70,Female,Irbid,Silver,3,2509.96,192.77,3,182.62,49,18,0.245,0.298,3,0,0,0,Card,0
C00685,67,Male,Amman,Platinum,48,2180.77,305.42,23,500.0,1,22,0.443,0.751,4,0,0,1,Digital Wallet,0
C00430,37,Male,Other,Silver,29,1690.31,136.34,14,282.91,96,13,0.606,0.696,4,1,0,1,Card,0
C00026,68,Female,Amman,Gold,31,2680.08,221.24,13,500.0,14,17,0.437,0.674,5,4,1,1,Card,0
C00159,54,Male,Irbid,Basic,9,2125.07,118.53,6,182.36,117,17,0.275,0.457,4,3,1,0,Card,1
C00117,62,Female,Other,Silver,22,1603.37,251.29,17,370.17,21,19,0.056,0.572,3,0,0,0,Card,0
C00451,49,Male,Amman,Basic,55,1418.27,87.85,19,310.8,21,12,0.624,0.456,3,0,0,0,Cash,0
C00247,60,Female,Other,Silver,9,2266.13,209.49,9,154.57,18,6,0.473,0.265,3,3,1,1,Digital Wallet,0
C00535,40,Female,Balqa,Gold,7,2339.66,233.88,9,201.96,7,15,0.448,0.714,3,3,1,1,Card,0
C01020,66,Female,Irbid,Silver,13,1932.67,338.82,8,452.34,23,22,0.314,0.745,4,0,0,0,Card,0
C01128,67,Female,Other,Silver,51,2131.06,151.4,16,391.75,40,12,0.318,0.179,4,1,0,0,Cash,0
C00793,31,Female,Amman,Basic,69,1471.41,48.4,21,119.11,19,11,0.754,0.574,4,1,0,1,Digital Wallet,0
C00407,24,Male,Zarqa,Basic,22,838.93,40.87,10,99.99,80,6,0.354,0.304,3,0,0,0,Cash,0
C00261,66,Female,Amman,Silver,15,1726.07,123.83,5,379.12,13,15,0.4165,0.599,3,2,0,0,Digital Wallet,0
C00104,44,Male,Amman,Silver,8,1908.44,242.83,10,189.92,58,7,0.684,0.215,2,1,0,0,Card,0
C00443,29,Female,Balqa,Silver,61,1723.82,213.34,21,500.0,27,29,0.718,0.577,3,6,1,0,Digital Wallet,0
C00561,68,Male,Zarqa,Silver,15,1995.19,241.6,12,287.27,74,10,0.508,0.625,3,1,0,1,Digital Wallet,0
C00923,56,Female,Amman,Basic,84,2243.91,150.77,26,400.6,1,18,0.144,0.412,3,2,0,0,Card,0
C00977,50,Female,Amman,Basic,27,1801.12,111.47,17,141.82,21,17,0.122,0.502,2,1,1,0,Card,1
C00032,62,Female,Irbid,Gold,13,2317.73,723.71,25,310.39,33,19,0.426,0.652,4,0,0,0,Card,0
C00760,44,Female,Zarqa,Basic,7,1583.05,116.89,7,134.68,19,13,0.761,0.778,5,0,0,1,Cash,0
C00655,24,Male,Irbid,Silver,20,562.94,163.61,10,320.03,26,13,0.545,0.908,4,2,0,0,Digital Wallet,0
C00737,70,Male,Amman,Basic,38,2103.09,289.42,19,500.0,5,13,0.765,0.573,4,2,0,1,Card,0
C01200,70,Female,Irbid,Gold,50,2031.32,208.85,19,500.0,32,18,0.583,0.251,5,0,0,0,Cash,0
C00587,70,Male,Amman,Basic,84,2768.72,119.69,35,278.72,28,9,0.566,0.239,3,3,1,1,Cash,0
C01073,64,Male,Amman,Silver,54,1442.71,127.38,24,303.17,91,12,0.452,0.356,3,2,0,1,Bank Transfer,1
C00057,70,Male,Amman,Silver,7,2107.91,151.31,11,95.33,46,12,0.682,0.271,4,3,1,1,Card,1
C00671,30,Female,Amman,Platinum,10,1748.45,251.27,5,457.67,15,19,0.398,0.586,2,4,1,0,Card,1
C00876,24,Male,Amman,Silver,3,1561.43,105.24,2,180.7,47,13,0.386,0.27,5,0,0,0,Cash,0
C01014,24,Male,Irbid,Gold,22,1735.57,240.23,18,258.23,12,16,0.336,0.81,4,4,1,0,Card,0
C00428,24,Male,Amman,Silver,23,1622.25,142.0,14,239.69,2,19,0.533,0.298,5,1,0,1,Cash,0
C00193,61,Male,Zarqa,Basic,72,1953.56,154.42,22,500.0,13,19,0.436,0.509,2,4,1,0,Card,0
C00607,24,Female,Zarqa,Silver,5,1123.96,134.52,6,128.26,64,13,0.461,0.724,5,0,0,1,Card,0
C00349,63,Female,Other,Platinum,5,2234.5,240.13,6,182.94,16,18,0.477,0.641,4,2,0,1,Card,0
C00895,56,Female,Amman,Basic,9,2129.69,180.52,12,274.64,69,19,0.583,0.252,3,1,0,0,Digital Wallet,0
C00473,36,Male,Balqa,Silver,84,1665.9,132.87,42,285.47,136,6,0.513,0.235,4,0,0,0,Cash,0
C00636,47,Male,Irbid,Basic,14,1792.625,89.72,8,128.6,48,14,0.177,0.82,4,3,1,0,Bank Transfer,1
C00580,50,Male,Balqa,Silver,29,1796.45,159.47,10,452.66,61,15,0.599,0.662,1,4,1,0,Card,1
C00618,61,Male,Amman,Silver,84,2101.02,112.26,33,265.2,17,15,0.619,0.592,4,1,0,1,Cash,0
C00073,46,Female,Zarqa,Silver,18,1557.64,209.85,12,298.03,33,15,0.575,0.36,4,0,0,1,Card,0
C00878,38,Female,Amman,Basic,78,2010.25,112.28,26,314.14,115,14,0.327,0.922,5,3,1,1,Card,0
C00984,24,Male,Balqa,Basic,10,1286.91,167.6,6,277.7,15,15,0.575,0.435,3,5,1,1,Card,0
C00160,59,Male,Zarqa,Gold,22,1554.3,166.64,16,212.41,142,14,0.376,0.869,4,0,0,0,Card,1
C01041,69,Female,Zarqa,Gold,23,2424.54,299.28,13,441.25,36,17,0.35,0.613,3,1,0,0,Cash,0
C00482,55,Male,Zarqa,Basic,32,1479.77,103.36,13,269.21,14,21,0.426,0.584,4,1,0,0,Digital Wallet,0
C00700,41,Female,Amman,Gold,55,2361.74,221.01,17,500.0,3,11,0.685,0.625,3,1,0,1,Bank Transfer,0
C00571,42,Female,Amman,Platinum,38,2745.67,282.01,17,500.0,13,11,0.599,0.359,2,2,1,1,Cash,0
C00413,68,Male,Other,Gold,37,2510.16,175.11,17,260.77,81,26,0.144,0.673,5,2,0,0,Card,0
C00285,33,Male,Amman,Platinum,9,1365.91,358.74,8,445.73,73,19,0.294,0.9,3,3,1,1,Cash,0
C00452,40,Female,Irbid,Basic,8,1675.84,172.74,8,143.16,48,19,0.46,0.828,4,1,0,0,Card,0
C00509,21,Male,Amman,Gold,18,1400.81,369.03,15,359.42,68,14,0.459,0.715,4,2,0,1,Digital Wallet,0
C00650,64,Male,Irbid,Gold,56,3127.44,278.06,27,481.97,35,14,0.623,0.031,4,2,0,0,Digital Wallet,0
C01152,40,Male,Balqa,Silver,10,1292.54,121.54,6,193.38,8,19,0.235,0.555,3,1,0,0,Cash,0
C00301,45,Male,Amman,Platinum,28,1715.82,321.71,12,500.0,49,19,0.394,0.761,4,1,0,0,Card,0
C00337,51,Male,Irbid,Basic,8,1815.18,150.41,5,234.65,150,14,0.719,0.336,3,4,1,1,Card,1
C00697,31,Male,Balqa,Basic,60,1383.57,166.74,25,305.31,101,13,0.274,0.402,4,2,0,0,Digital Wallet,0
C00585,26,Female,Irbid,Gold,4,1100.46,200.86,9,82.86,12,9,0.22,0.558,4,3,1,1,Bank Transfer,0
C00964,34,Female,Zarqa,Platinum,84,1690.22,309.14,40,500.0,70,21,0.637,0.939,4,2,0,0,Cash,0
C00691,52,Female,Amman,Silver,31,2309.34,212.13,11,500.0,48,19,0.324,0.572,2,2,1,0,Cash,1
C00152,60,Female,Amman,Basic,36,1633.83,186.71,17,445.86,63,13,0.556,0.736,3,3,1,1,Bank Transfer,0
C00582,19,Male,Zarqa,Silver,41,1311.11,189.68,14,500.0,55,17,0.256,0.092,5,1,0,0,Cash,0
C00122,19,Female,Balqa,Basic,31,350.0,163.92,9,497.84,9,15,0.522,0.482,5,1,0,0,Card,0
C00225,31,Female,Balqa,Gold,17,789.12,186.03,14,196.75,19,10,0.527,0.517,3,3,1,1,Digital Wallet,0
C00600,69,Male,Other,Basic,41,2538.81,139.01,16,414.66,3,13,0.511,0.723,3,1,0,0,Cash,0
C00063,59,Female,Irbid,Silver,17,2092.19,149.45,6,418.62,17,11,0.517,0.268,3,1,0,1,Cash,0
C01185,47,Male,Zarqa,Basic,21,1617.99,90.22,7,223.28,157,17,0.399,0.447,4,1,0,0,Card,1
C00232,63,Female,Irbid,Silver,33,1624.95,117.98,10,357.23,15,14,0.555,0.57,4,2,0,1,Cash,0
C00868,36,Female,Irbid,Basic,23,1172.29,147.08,12,291.93,56,16,0.322,0.283,3,1,0,0,Card,0
C00989,65,Male,Amman,Gold,30,2284.11,162.04,17,214.42,10,15,0.637,0.503,4,2,0,1,Digital Wallet,0
C00630,49,Female,Amman,Silver,48,2347.65,145.98,22,224.8,32,12,0.453,0.893,3,0,0,1,Cash,0
C00163,31,Female,Zarqa,Gold,36,1642.91,181.47,17,292.06,31,16,0.444,0.814,2,2,0,1,Card,0
C00640,29,Male,Zarqa,Basic,13,1977.63,198.6,9,231.27,17,8,0.467,0.342,4,1,0,0,Cash,0
C00377,24,Male,Balqa,Basic,6,1014.58,250.5,7,228.41,18,13,0.317,0.492,4,1,0,1,Digital Wallet,0
C00099,49,Female,Amman,Platinum,16,1800.79,353.97,18,316.95,84,19,0.162,0.214,5,1,0,0,Card,1
C00368,28,Female,Other,Basic,18,1026.12,96.65,3,477.4,45,13,0.094,0.294,5,2,0,1,Digital Wallet,0
C00358,48,Male,Irbid,Basic,37,1803.94,116.72,27,165.91,12,12,0.189,0.182,2,1,0,0,Card,0
C00639,41,Male,Other,Gold,2,2127.11,236.73,6,69.06,119,11,0.541,0.594,4,1,0,1,Card,0
C00125,24,Male,Irbid,Basic,17,1621.94,196.73,7,400.79,38,12,0.368,0.311,3,3,1,0,Digital Wallet,0
C00255,54,Female,Zarqa,Platinum,36,1135.5,367.18,22,500.0,64,24,0.3,0.664,5,2,0,0,Card,0
C00010,64,Female,Zarqa,Gold,14,1840.35,161.39,10,218.93,8,14,0.414,0.307,3,0,0,0,Cash,0
C00332,19,Male,Amman,Silver,13,2178.6,195.29,12,181.81,12,10,0.296,0.894,4,2,0,1,Card,1
C00323,25,Female,Irbid,Silver,13,1511.67,275.3,12,321.36,7,15,0.141,0.527,4,1,0,1,Digital Wallet,0
C00839,40,Male,Balqa,Basic,22,1108.67,394.96,13,500.0,1,15,0.728,0.048,3,4,1,1,Card,0
C00894,34,Male,Irbid,Platinum,35,1372.62,196.8,17,440.52,5,16,0.597,0.704,4,1,0,1,Card,0
C00823,19,Male,Irbid,Basic,59,866.21,90.75,16,298.51,14,14,0.418,0.728,3,2,0,1,Digital Wallet,0
C01001,25,Female,Amman,Gold,13,1409.24,341.07,11,380.78,4,16,0.562,0.291,2,3,1,1,Digital Wallet,0
C00336,59,Female,Amman,Basic,33,1892.17,183.06,19,245.87,4,10,0.222,0.286,4,2,0,0,Digital Wallet,1
C00621,36,Female,Amman,Gold,44,2150.97,246.83,24,500.0,58,14,0.4165,0.173,4,2,0,1,Bank Transfer,1
C00694,37,Male,Zarqa,Silver,50,1842.77,156.63,18,488.32,10,18,0.174,0.602,2,3,1,0,Digital Wallet,0
C00973,29,Male,Amman,Silver,19,1792.625,116.83,7,285.47,10,22,0.883,0.181,3,0,0,0,Digital Wallet,0
C00646,52,Female,Irbid,Silver,8,1697.98,208.26,11,137.29,19,11,0.185,0.534,5,1,0,0,Bank Transfer,0
C01094,33,Male,Amman,Gold,28,548.42,204.58,10,484.17,118,22,0.809,0.145,2,3,1,0,Card,1
C00448,20,Male,Amman,Silver,20,2169.35,301.82,10,500.0,44,21,0.445,0.704,4,2,0,1,Card,0
C00147,43,Male,Other,Gold,27,2050.29,161.32,19,195.64,4,19,0.748,0.582,4,1,0,1,Card,0
C00422,32,Female,Zarqa,Platinum,18,1785.53,242.16,13,298.17,17,19,0.738,0.671,4,1,0,1,Digital Wallet,0
C00490,42,Female,Amman,Silver,23,1678.29,336.59,16,420.62,28,15,0.548,0.143,3,1,0,1,Card,0
C00105,63,Female,Amman,Gold,22,2242.98,176.69,11,284.45,60,9,0.751,0.248,5,5,1,1,Bank Transfer,0
C00757,55,Male,Amman,Basic,34,1293.96,131.29,15,280.2,4,9,0.221,0.501,3,3,1,0,Digital Wallet,0
C00918,49,Female,Other,Basic,36,2250.35,153.36,16,358.59,108,22,0.18,0.474,3,1,0,0,Cash,0
C00866,66,Female,Amman,Gold,16,2065.41,169.25,13,212.38,54,10,0.324,0.211,4,1,0,1,Card,0
C00309,35,Female,Amman,Gold,53,2514.38,194.56,18,500.0,75,17,0.632,0.682,4,3,1,0,Card,0
C00180,27,Male,Amman,Basic,31,839.23,110.74,20,155.88,48,16,0.313,0.46,4,2,0,0,Digital Wallet,0
C00792,63,Female,Amman,Platinum,45,1563.69,280.55,20,500.0,120,19,0.233,0.405,4,1,0,0,Cash,0
C00887,21,Male,Other,Basic,37,1281.83,67.2,13,212.04,153,11,0.545,0.622,4,2,0,0,Card,0
C00039,20,Male,Irbid,Platinum,33,1517.55,220.38,17,359.12,81,16,0.138,0.15,4,2,0,0,Digital Wallet,0
C00188,55,Male,Amman,Silver,41,1501.59,103.43,12,277.19,38,16,0.769,0.618,4,2,0,0,Digital Wallet,0
C00565,60,Female,Amman,Basic,44,1792.625,96.03,20,200.39,51,11,0.72,0.462,2,4,1,1,Card,1
C00167,48,Female,Amman,Silver,14,1570.31,86.95,10,98.6,63,6,0.228,0.077,3,1,0,1,Card,0
C00831,64,Male,Irbid,Basic,22,865.56,112.63,13,155.87,80,14,0.674,0.317,3,1,0,0,Card,1
C00848,49,Female,Amman,Silver,25,1026.88,117.36,22,118.53,54,13,0.757,0.474,4,2,0,1,Cash,0
C00150,64,Female,Amman,Silver,14,1580.71,222.4,8,367.65,98,17,0.204,0.185,2,3,1,0,Card,0
C00348,63,Male,Irbid,Basic,74,2473.89,151.32,30,272.81,52,20,0.31,0.176,4,3,1,0,Cash,0
C00353,54,Male,Irbid,Silver,25,2096.74,119.32,13,235.86,29,13,0.52,0.073,3,1,0,0,Cash,0
C00538,40,Female,Amman,Silver,20,1166.62,102.07,12,197.35,50,17,0.137,0.306,3,3,1,0,Digital Wallet,1
C01142,62,Female,Amman,Gold,21,1953.44,215.14,18,245.32,61,16,0.515,0.548,4,3,1,0,Bank Transfer,1
C00315,53,Female,Amman,Basic,14,2131.44,166.68,7,317.91,19,12,0.521,0.397,3,2,0,0,Card,0
C00922,22,Male,Other,Gold,9,2395.99,253.43,14,149.89,0,12,0.466,0.174,4,1,0,0,Digital Wallet,0
C00322,49,Male,Amman,Gold,20,1362.55,175.32,18,200.87,41,13,0.382,0.628,4,2,0,1,Card,0
C00968,60,Female,Zarqa,Silver,34,2245.16,168.68,14,391.18,2,15,0.43,0.198,5,0,0,0,Cash,0
C00613,32,Female,Other,Silver,16,960.24,95.14,4,281.66,81,18,0.284,0.155,3,2,0,1,Card,0
C01010,46,Male,Amman,Silver,17,1715.16,152.09,13,198.52,53,17,0.503,0.526,3,0,0,0,Card,1
C00138,50,Female,Amman,Gold,20,1998.12,344.47,14,500.0,19,18,0.746,0.609,2,6,1,1,Card,1
C00304,53,Female,Amman,Silver,38,2041.62,131.21,14,394.76,15,15,0.343,0.458,5,0,0,0,Digital Wallet,0
C00182,48,Male,Irbid,Silver,52,2223.03,267.49,24,500.0,99,20,0.315,0.479,5,0,0,0,Card,0
C01136,24,Male,Amman,Basic,12,912.33,53.81,8,84.1,21,9,0.551,0.587,5,0,0,1,Card,0
C01135,22,Male,Irbid,Basic,37,1163.62,219.22,21,310.03,10,14,0.446,0.435,2,3,1,0,Cash,1
C00393,70,Male,Amman,Platinum,20,2266.26,236.98,5,500.0,5,12,0.421,0.352,5,2,0,1,Card,0
C00803,44,Male,Other,Gold,57,2081.96,180.52,24,290.76,14,16,0.345,0.258,2,5,1,1,Digital Wallet,0
C00483,24,Female,Amman,Silver,12,1659.16,155.7,12,153.83,4,21,0.539,0.425,3,1,0,0,Card,0
C00575,54,Male,Irbid,Silver,21,1467.34,103.39,8,266.87,76,8,0.618,0.276,3,0,0,0,Digital Wallet,0
C00904,49,Female,Amman,Silver,21,2071.73,299.13,19,352.52,13,17,0.301,0.743,4,3,1,0,Digital Wallet,0
C00708,22,Female,Irbid,Silver,38,1288.21,272.15,25,309.96,19,19,0.226,0.509,2,0,1,1,Bank Transfer,0
C00464,35,Male,Amman,Platinum,27,2071.27,285.71,21,300.95,1,17,0.399,0.436,2,2,0,1,Card,0
C00791,34,Male,Amman,Basic,44,1846.48,118.18,21,200.94,163,8,0.44,0.619,3,3,1,0,Card,1
C00459,51,Male,Other,Basic,31,1526.39,105.13,12,211.28,25,21,0.366,0.869,3,4,1,0,Card,0
C00877,51,Female,Zarqa,Silver,21,2173.43,127.66,10,259.65,24,16,0.343,0.344,3,1,0,1,Cash,0
C00602,42,Female,Amman,Platinum,41,1902.13,250.99,19,435.29,1,15,0.47,0.866,2,0,1,0,Card,0
C00996,35,Female,Irbid,Silver,15,869.25,377.41,14,409.98,12,35,0.201,0.45,5,0,0,0,Cash,0
C00843,19,Male,Amman,Silver,16,1468.02,153.93,5,495.36,28,13,0.499,0.16,2,2,0,0,Digital Wallet,0
C00584,27,Male,Zarqa,Gold,5,2085.27,256.69,11,106.07,42,16,0.526,0.334,4,0,0,1,Card,0
C00281,64,Male,Amman,Basic,61,1477.78,180.47,22,397.25,144,13,0.57,0.363,4,3,1,0,Digital Wallet,1
C00949,31,Female,Irbid,Basic,84,1188.37,72.75,34,153.23,44,13,0.431,0.127,3,0,0,0,Card,0
C00779,62,Female,Amman,Basic,53,1995.87,148.15,29,295.27,5,12,0.222,0.757,3,1,0,0,Bank Transfer,0
C00380,64,Female,Other,Basic,53,1359.95,91.04,21,186.24,26,13,0.435,0.291,5,2,0,0,Card,0
C01066,45,Female,Irbid,Gold,24,3265.29,288.43,13,500.0,25,21,0.301,0.666,4,4,1,0,Digital Wallet,1
C00466,18,Female,Irbid,Gold,27,1344.18,239.52,19,302.25,10,12,0.263,0.413,3,3,1,0,Cash,0
C00865,43,Male,Balqa,Platinum,24,2005.11,292.3,10,500.0,29,18,0.302,0.299,2,2,1,0,Cash,0
C00382,57,Female,Irbid,Gold,33,1578.57,123.44,17,210.41,24,15,0.419,0.352,4,1,0,0,Card,0
C00725,33,Female,Irbid,Basic,47,2297.22,155.11,21,254.27,20,9,0.495,0.519,3,2,0,1,Card,0
C01186,36,Female,Amman,Basic,84,1088.43,105.44,36,230.21,14,11,0.976,0.738,3,1,0,1,Bank Transfer,0
C00075,37,Female,Zarqa,Basic,20,1039.82,157.79,13,238.56,11,13,0.269,0.795,3,1,0,0,Cash,0
C00554,25,Male,Balqa,Basic,23,1811.98,210.37,15,315.24,82,15,0.674,0.63,4,1,0,1,Digital Wallet,0
C00819,57,Male,Irbid,Basic,30,1656.87,193.63,14,371.81,35,22,0.4,0.094,3,2,0,0,Digital Wallet,0
C01161,56,Female,Amman,Basic,63,1566.57,325.32,37,471.3,26,16,0.31,0.331,3,6,1,0,Digital Wallet,0
C00378,53,Female,Amman,Basic,61,2147.61,151.7,25,393.42,1,8,0.701,0.277,3,1,0,0,Digital Wallet,0
C00403,18,Female,Amman,Basic,16,1215.37,188.02,12,230.07,52,14,0.345,0.874,4,1,0,1,Digital Wallet,0
C00790,37,Female,Zarqa,Basic,84,2364.8,148.46,34,258.03,165,11,0.096,0.406,4,5,1,1,Bank Transfer,0
C00741,48,Male,Zarqa,Platinum,47,2320.27,402.24,25,500.0,47,20,0.698,0.255,3,2,0,1,Digital Wallet,0
C00635,45,Female,Amman,Silver,18,2316.64,180.52,13,227.78,162,13,0.512,0.33,4,0,0,1,Digital Wallet,1
C00124,64,Female,Amman,Gold,54,2140.37,203.69,25,406.8,1,14,0.701,0.694,4,0,0,1,Cash,0
C00652,55,Male,Amman,Basic,22,2703.58,91.36,12,185.14,44,15,0.502,0.48,3,2,0,1,Cash,1
C01019,66,Male,Zarqa,Basic,17,1047.6,281.77,14,224.65,5,28,0.525,0.119,4,3,1,1,Card,1
C01115,37,Male,Amman,Gold,15,1204.95,245.95,7,500.0,57,12,0.581,0.89,2,2,1,0,Card,0
C00166,52,Male,Irbid,Platinum,20,2018.25,277.22,13,398.21,78,15,0.302,0.276,4,3,1,0,Card,0
C00724,43,Female,Amman,Basic,6,1896.77,135.05,5,167.23,20,12,0.904,0.538,4,2,0,1,Card,0
C00395,20,Male,Amman,Silver,39,1654.0,320.74,22,500.0,47,21,0.82,0.253,3,1,0,1,Card,0
C01021,60,Female,Irbid,Basic,70,2280.32,302.56,36,500.0,19,14,0.765,0.852,3,1,0,0,Card,0
C00205,46,Female,Zarqa,Basic,5,1621.12,311.06,12,123.12,41,16,0.293,0.783,3,0,0,1,Card,0
C00954,22,Male,Irbid,Basic,18,1196.37,68.06,11,138.7,25,17,0.396,0.647,3,3,1,1,Card,0
C00872,69,Female,Balqa,Gold,77,2992.09,327.57,37,500.0,11,17,0.415,0.411,4,3,1,1,Digital Wallet,0
C01058,20,Male,Amman,Silver,41,1370.2,133.98,16,333.8,20,21,0.778,0.367,3,2,0,1,Digital Wallet,0
C00176,22,Male,Amman,Silver,22,1446.12,118.53,8,301.93,38,6,0.264,0.818,4,2,0,0,Bank Transfer,0
C00692,27,Female,Amman,Gold,11,1469.57,130.05,6,218.03,121,12,0.273,0.771,4,2,0,0,Card,0
C00851,40,Male,Other,Platinum,37,1905.23,265.47,22,369.5,104,11,0.667,0.848,4,4,1,0,Card,1
C00127,22,Male,Zarqa,Platinum,40,1676.26,227.85,19,463.34,34,18,0.637,0.12,3,2,0,0,Card,0
C00021,30,Female,Amman,Basic,16,1449.27,214.49,7,500.0,10,17,0.661,0.148,4,1,0,1,Card,0
C01126,61,Male,Other,Silver,18,2322.6,224.33,12,306.31,40,13,0.07,0.428,5,0,0,0,Cash,1
C01120,33,Female,Zarqa,Silver,33,1491.76,156.84,14,392.92,14,16,0.2,0.253,4,1,0,1,Card,0
C00721,22,Male,Amman,Basic,17,860.7,138.3,13,189.8,7,15,0.598,0.142,4,0,0,1,Card,0
C00373,44,Male,Amman,Gold,3,567.3,209.06,4,168.21,20,12,0.631,0.316,3,0,0,0,Card,0
C00539,47,Female,Amman,Silver,8,1839.59,162.18,7,165.87,44,13,0.223,0.133,4,0,0,0,Card,0
C00957,66,Male,Amman,Basic,7,2014.77,67.5,4,120.38,84,13,0.18,0.821,4,2,0,0,Card,1
C00402,58,Male,Amman,Basic,18,1567.02,135.79,7,301.71,199,11,0.751,0.3,3,0,0,1,Cash,0
C00893,30,Male,Irbid,Gold,24,2240.92,203.21,10,468.7,8,20,0.773,0.218,2,3,1,0,Card,1
C00296,57,Male,Irbid,Silver,24,1822.17,215.43,11,481.74,58,12,0.442,0.59,4,1,0,0,Bank Transfer,0
C00693,50,Female,Zarqa,Gold,18,1706.67,193.3,12,274.73,13,14,0.24,0.282,4,1,0,0,Digital Wallet,0
C00634,63,Female,Amman,Gold,73,1749.98,385.08,35,500.0,26,15,0.408,0.541,3,0,0,1,Digital Wallet,0
C00369,35,Female,Zarqa,Basic,63,1599.92,196.97,29,333.12,88,17,0.412,0.366,3,5,1,0,Digital Wallet,0
C01092,25,Female,Other,Gold,57,1820.13,339.07,26,500.0,24,16,0.457,0.241,5,1,0,0,Card,0
C00596,52,Female,Irbid,Platinum,37,2889.45,307.23,20,500.0,22,16,0.293,0.559,3,0,0,0,Card,0
C00145,61,Male,Irbid,Silver,11,2722.5,286.46,6,341.6,60,18,0.556,0.503,1,6,1,1,Card,1
C00319,32,Female,Zarqa,Gold,84,830.21,165.71,24,500.0,7,9,0.238,0.24,3,3,1,0,Card,0
C01104,55,Male,Balqa,Platinum,17,2580.84,235.98,11,322.42,12,19,0.657,0.901,3,1,0,1,Cash,0
C00299,19,Male,Amman,Silver,35,1526.69,120.39,15,209.11,2,11,0.509,0.294,3,1,0,1,Digital Wallet,0
C00181,29,Female,Other,Basic,27,1358.09,114.0,10,306.32,91,13,0.243,0.631,4,3,1,0,Digital Wallet,1
C01144,20,Male,Amman,Silver,48,953.16,106.39,21,237.74,58,7,0.523,0.776,3,4,1,0,Card,0
C00096,59,Male,Irbid,Basic,28,1907.63,145.82,13,293.0,17,15,0.625,0.477,2,1,1,1,Cash,0
C01040,51,Male,Amman,Gold,39,1752.43,156.38,17,366.88,144,13,0.437,0.555,3,1,0,1,Card,0
C00102,61,Male,Irbid,Silver,32,2538.3,193.45,18,282.8,36,15,0.342,0.469,3,2,0,0,Card,0
C00390,65,Male,Amman,Gold,46,1401.6,180.52,23,500.0,52,12,0.555,0.861,4,3,1,1,Digital Wallet,1
C00567,51,Male,Amman,Basic,20,3219.21,185.71,10,359.26,23,16,0.318,0.113,4,2,0,0,Card,0
C01106,63,Male,Amman,Silver,16,1792.625,198.86,11,258.18,5,18,0.375,0.397,3,7,1,0,Cash,1
C00097,40,Female,Zarqa,Basic,76,1893.98,187.05,32,435.47,8,5,0.494,0.417,3,2,0,1,Card,0
C00578,54,Male,Other,Silver,35,1958.22,240.05,15,497.3,5,15,0.148,0.762,2,4,1,1,Cash,0
C00009,54,Female,Irbid,Basic,29,1200.4,151.72,11,462.91,193,15,0.452,0.724,3,0,0,1,Digital Wallet,0
C00287,26,Male,Amman,Silver,23,1143.99,122.75,14,187.1,58,17,0.384,0.686,5,2,0,0,Digital Wallet,0
C01036,18,Male,Zarqa,Gold,57,1315.79,166.99,15,500.0,23,11,0.73,0.197,4,2,0,1,Card,0
C00406,53,Male,Irbid,Gold,38,1879.18,379.56,22,500.0,11,21,0.561,0.391,5,0,0,1,Card,0
C00862,46,Male,Irbid,Basic,64,1732.49,69.44,32,113.73,23,12,0.317,0.308,5,0,0,0,Card,0
C00888,52,Female,Amman,Platinum,19,1755.18,313.99,12,500.0,4,16,0.402,0.218,3,2,0,0,Bank Transfer,0
C00576,66,Male,Amman,Basic,13,2351.95,320.65,10,358.18,420,16,0.293,0.491,3,2,0,1,Digital Wallet,1
C00756,55,Female,Amman,Basic,15,2279.58,172.89,11,212.91,44,12,0.237,0.684,3,1,0,0,Card,0
C00723,69,Female,Amman,Gold,24,2912.39,235.08,16,259.1,3,15,0.152,0.125,5,1,0,0,Card,0
C00830,57,Female,Amman,Platinum,12,2336.07,203.09,6,458.97,0,19,0.707,0.215,4,4,1,0,Digital Wallet,0
C01027,18,Male,Balqa,Basic,64,1558.14,53.18,21,140.97,13,12,0.297,0.672,3,5,1,1,Digital Wallet,0
C00680,58,Female,Amman,Basic,25,2934.83,190.52,11,348.4,5,14,0.221,0.393,3,3,1,0,Digital Wallet,0
C01007,46,Male,Zarqa,Gold,56,1496.27,226.45,26,424.21,60,13,0.327,0.433,5,1,0,0,Cash,0
C00546,59,Female,Amman,Basic,23,3209.7,113.91,11,216.93,4,12,0.193,0.957,3,0,0,0,Card,0
C01095,68,Female,Irbid,Basic,5,2846.05,150.85,7,110.64,27,11,0.157,0.898,4,0,0,0,Card,0
C00445,22,Male,Zarqa,Silver,29,1795.0,180.63,19,264.87,8,21,0.367,0.407,4,1,0,0,Card,0
C00400,30,Female,Amman,Basic,3,1923.99,185.16,9,47.79,1,11,0.576,0.679,4,0,0,1,Card,1
C00717,45,Male,Zarqa,Gold,17,1833.0,283.27,9,432.66,13,14,0.463,0.169,4,0,0,1,Cash,0
C00130,25,Female,Other,Gold,17,1547.74,269.89,9,500.0,15,16,0.183,0.577,4,1,0,0,Card,0
C00463,42,Male,Amman,Basic,2,751.87,201.44,6,61.95,29,15,0.774,0.574,4,1,0,1,Card,0
C00433,22,Female,Amman,Basic,5,1476.63,144.4,3,245.46,16,11,0.499,0.591,4,1,0,1,Digital Wallet,1
C00089,58,Male,Amman,Silver,65,1982.81,127.3,33,187.42,4,19,0.605,0.441,3,2,0,0,Digital Wallet,0
C00648,55,Female,Other,Gold,48,3081.97,171.68,23,315.75,105,16,0.633,0.428,4,2,0,0,Cash,0
C00359,37,Female,Zarqa,Basic,50,2027.59,94.98,22,186.35,37,18,0.474,0.798,3,5,1,1,Card,0
C00421,64,Male,Amman,Basic,11,2249.17,68.36,5,98.38,20,12,0.377,0.547,3,1,0,0,Cash,0
C00517,37,Female,Amman,Silver,2,1288.12,81.02,4,34.7,81,13,0.437,0.217,3,0,0,0,Digital Wallet,1
C01139,43,Male,Amman,Basic,22,1389.85,53.9,8,157.78,73,11,0.797,0.347,3,1,0,1,Cash,0
C00052,21,Male,Zarqa,Gold,43,1572.38,177.37,25,277.39,59,11,0.241,0.725,2,4,1,0,Digital Wallet,1
C00573,23,Female,Amman,Silver,59,988.33,89.93,20,272.07,2,15,0.478,0.183,3,4,1,0,Card,0
C01018,70,Male,Amman,Basic,59,2126.05,100.61,28,237.0,87,27,0.605,0.55,3,3,1,1,Card,0
C01175,66,Male,Balqa,Basic,13,2129.29,148.67,4,500.0,19,10,0.29,0.423,4,2,0,0,Bank Transfer,1
C01173,42,Female,Amman,Basic,10,824.14,58.9,12,41.82,92,10,0.354,0.817,2,1,1,0,Digital Wallet,1
C01180,43,Female,Zarqa,Silver,25,1552.6,304.05,14,465.39,30,19,0.407,0.446,4,1,0,1,Card,0
C00229,50,Male,Amman,Silver,49,1917.11,154.42,26,267.01,44,13,0.179,0.588,4,2,0,1,Bank Transfer,0
C00486,49,Female,Zarqa,Gold,39,1501.52,263.39,19,500.0,181,23,0.165,0.484,4,4,1,0,Card,1
C01056,48,Male,Amman,Basic,17,1843.36,183.54,18,147.27,43,11,0.861,0.873,3,4,1,1,Digital Wallet,1
C00139,49,Female,Amman,Gold,82,2592.86,189.68,30,392.36,7,14,0.415,0.609,3,1,0,1,Card,0
C00082,44,Female,Irbid,Silver,54,1857.82,114.71,19,305.72,55,16,0.668,0.42,5,0,0,0,Cash,0
C00928,54,Female,Irbid,Silver,37,1666.92,201.94,14,479.31,5,8,0.183,0.488,4,3,1,0,Digital Wallet,0
C00054,56,Female,Amman,Basic,18,2129.73,180.52,7,253.89,16,10,0.329,0.668,3,3,1,1,Digital Wallet,0
C00412,44,Female,Other,Basic,22,1848.47,257.14,15,301.16,33,16,0.388,0.674,3,1,0,1,Digital Wallet,0
C00844,67,Male,Amman,Basic,53,1977.37,253.77,17,500.0,21,23,0.506,0.139,4,1,0,1,Card,0
C00884,43,Female,Amman,Gold,33,1535.5,239.0,25,318.58,34,16,0.561,0.708,4,1,0,1,Card,0
C00616,43,Male,Zarqa,Basic,13,1720.01,218.18,10,302.48,50,13,0.357,0.081,4,1,0,0,Digital Wallet,1
C00921,51,Female,Zarqa,Basic,78,1713.95,143.49,37,278.04,125,11,0.345,0.278,4,1,0,0,Cash,1
C00302,18,Female,Balqa,Gold,4,1386.71,144.55,1,500.0,65,14,0.846,0.738,3,1,0,1,Digital Wallet,0
C00632,37,Female,Amman,Gold,16,1815.67,136.41,10,214.11,90,19,0.482,0.56,4,0,0,0,Digital Wallet,0
C00990,33,Male,Amman,Gold,59,1716.24,152.56,13,500.0,2,11,0.541,0.174,4,2,0,1,Cash,0
C00128,48,Male,Amman,Silver,14,1663.74,100.39,4,399.32,52,19,0.46,0.198,4,3,1,1,Bank Transfer,0
C00838,32,Male,Amman,Platinum,12,1628.8,207.83,4,500.0,9,10,0.388,0.347,5,1,0,0,Card,0
C00410,51,Male,Amman,Basic,12,1971.91,86.7,8,135.05,6,12,0.09,0.47,4,0,0,0,Card,1
C00186,61,Male,Zarqa,Silver,29,2095.6,137.92,15,329.56,3,14,0.287,0.79,3,2,0,1,Card,0
C00374,44,Male,Amman,Gold,10,984.3,346.66,9,363.98,102,13,0.396,0.499,4,4,1,1,Cash,0
C00858,22,Male,Amman,Gold,8,1283.86,438.99,14,250.32,1,25,0.633,0.611,3,5,1,1,Digital Wallet,0
C00892,63,Female,Amman,Basic,25,2615.75,353.19,16,500.0,33,18,0.36,0.237,3,2,0,1,Card,0
C00624,27,Male,Amman,Silver,26,1647.94,180.52,7,500.0,17,15,0.363,0.268,3,1,0,0,Card,0
C00093,21,Female,Zarqa,Basic,19,574.64,221.54,11,363.06,26,26,0.677,0.379,3,1,0,0,Digital Wallet,0
C00175,35,Female,Irbid,Gold,14,1792.625,368.91,11,409.71,19,17,0.66,0.168,4,1,0,1,Cash,0
C00100,20,Female,Amman,Basic,40,1353.71,98.15,13,356.2,15,16,0.257,0.39,4,0,0,0,Digital Wallet,0
C00687,54,Male,Amman,Basic,26,2069.11,111.33,12,240.18,22,15,0.318,0.687,2,1,0,1,Bank Transfer,0
C00243,32,Female,Amman,Silver,15,1323.08,286.31,16,246.72,12,19,0.451,0.643,3,3,1,1,Card,1
C00088,51,Female,Amman,Silver,27,2866.32,121.58,13,239.35,25,14,0.29,0.288,4,2,0,0,Cash,0
C00502,37,Female,Other,Silver,15,2416.48,207.44,6,461.26,37,12,0.537,0.107,3,1,0,0,Digital Wallet,0
C00559,48,Female,Amman,Platinum,39,2112.5,226.33,27,286.58,28,19,0.197,0.493,3,3,1,0,Bank Transfer,0
C00408,63,Male,Zarqa,Silver,32,1406.25,184.48,16,362.95,98,14,0.381,0.355,3,1,0,0,Card,0
C01191,43,Male,Amman,Gold,24,2263.79,140.8,14,265.71,20,17,0.489,0.475,4,0,0,0,Card,0
C00273,31,Male,Irbid,Silver,11,2324.61,1800.0,6,500.0,56,20,0.739,0.446,3,2,0,1,Cash,0
C00071,69,Female,Amman,Gold,11,2756.33,214.79,9,276.36,3,9,0.386,0.551,4,4,1,0,Card,0
C01130,55,Female,Zarqa,Gold,37,1667.31,235.66,18,437.13,20,15,0.281,0.089,3,2,0,0,Digital Wallet,0
C00679,35,Male,Balqa,Gold,10,1984.56,219.48,8,253.89,8,17,0.521,0.368,4,1,0,0,Digital Wallet,0
C00978,66,Male,Irbid,Basic,26,2737.49,280.91,10,500.0,3,19,0.455,0.896,3,1,0,0,Card,0
C00409,44,Male,Irbid,Gold,22,2836.03,188.63,12,296.21,32,16,0.625,0.527,3,2,0,1,Bank Transfer,0
C00065,52,Male,Irbid,Silver,16,581.71,127.41,7,211.42,5,16,0.37,0.934,4,0,0,0,Card,0
C00233,35,Male,Amman,Basic,18,1055.44,73.04,9,143.02,17,15,0.089,0.775,4,0,0,0,Card,0
C00586,29,Male,Irbid,Silver,29,1694.4,143.14,17,195.58,0,16,0.375,0.825,3,0,0,1,Card,0
C00266,32,Male,Zarqa,Silver,40,990.11,136.8,12,424.85,5,13,0.416,0.468,3,2,0,0,Card,1
C00156,35,Female,Amman,Basic,8,730.59,158.04,3,289.52,51,15,0.51,0.44,4,3,1,1,Digital Wallet,0
C01174,41,Male,Irbid,Silver,32,1996.16,150.45,11,459.74,9,19,0.194,0.513,4,2,0,0,Card,0
C00215,59,Male,Amman,Silver,34,2246.75,132.39,13,338.07,2,14,0.388,0.379,3,1,0,0,Bank Transfer,0
C00470,55,Male,Zarqa,Gold,5,2824.88,241.55,7,204.43,16,17,0.737,0.239,2,2,1,0,Digital Wallet,1
C00334,43,Female,Other,Platinum,15,2643.46,375.26,7,500.0,51,17,0.503,0.118,4,1,0,1,Card,0
C00195,41,Female,Irbid,Silver,37,1967.18,190.81,13,500.0,19,15,0.14,0.209,3,2,0,0,Digital Wallet,0
C00381,66,Female,Amman,Platinum,26,2559.88,220.56,21,236.18,29,16,0.726,0.178,3,4,1,1,Bank Transfer,0
C00758,23,Female,Amman,Gold,42,974.49,158.26,14,405.59,40,8,0.503,0.515,4,3,1,0,Card,0
C00493,67,Female,Zarqa,Basic,70,1559.03,154.68,31,411.28,217,14,0.259,0.276,3,1,0,0,Bank Transfer,0
C00927,54,Male,Amman,Platinum,84,1792.625,309.33,38,500.0,100,20,0.494,0.417,3,3,1,0,Card,1
C00204,19,Female,Amman,Basic,18,1674.46,160.2,12,210.32,27,21,0.483,0.652,4,1,0,1,Card,0
C00350,68,Female,Zarqa,Basic,12,2770.27,168.47,5,349.76,90,18,0.334,0.933,5,0,0,0,Cash,0
C00664,27,Female,Other,Gold,27,715.61,167.39,18,279.36,56,15,0.427,0.642,4,0,0,0,Digital Wallet,0
C01096,37,Female,Amman,Platinum,24,2171.76,232.82,20,289.07,8,18,0.647,0.269,4,1,0,1,Card,0
C00289,39,Male,Amman,Platinum,16,2671.2,244.19,11,443.48,11,14,0.294,0.799,5,0,0,0,Card,0
C01157,61,Female,Zarqa,Silver,58,1792.625,211.02,24,463.19,10,10,0.458,0.285,2,1,1,1,Digital Wallet,0
C01141,43,Male,Amman,Silver,34,1021.34,158.69,12,372.13,59,20,0.269,0.454,4,1,0,1,Card,0
C00325,54,Female,Amman,Basic,61,1867.11,310.03,24,500.0,31,18,0.62,0.235,4,1,0,0,Cash,0
C00504,38,Male,Amman,Basic,33,2225.28,135.23,14,273.44,51,19,0.22,0.615,4,1,0,0,Digital Wallet,0
C00114,34,Male,Other,Silver,31,1580.12,143.44,15,306.1,12,14,0.097,0.082,4,0,0,0,Card,0
C00457,49,Female,Zarqa,Basic,27,1448.08,162.77,8,500.0,2,12,0.492,0.432,2,4,1,0,Digital Wallet,1
C00078,50,Female,Irbid,Basic,46,2114.83,421.74,33,500.0,100,17,0.283,0.342,3,1,0,0,Digital Wallet,1
C00164,60,Female,Amman,Basic,24,1053.01,435.56,18,500.0,54,23,0.645,0.459,3,4,1,1,Card,1
C00363,62,Male,Amman,Silver,9,1569.04,102.63,4,170.62,61,13,0.154,0.568,5,0,0,1,Card,0
C00908,32,Male,Amman,Basic,18,1033.75,55.35,13,64.26,29,9,0.45,0.524,4,2,0,0,Digital Wallet,0
C01055,58,Male,Balqa,Platinum,43,3027.03,378.65,24,500.0,3,19,0.319,0.1,5,0,0,1,Cash,0
C00537,64,Male,Balqa,Basic,23,2475.1,217.02,11,365.16,2,16,0.355,0.179,4,1,0,1,Bank Transfer,0
C01183,35,Male,Amman,Silver,80,1532.41,180.52,41,323.04,18,12,0.214,0.281,5,2,0,0,Card,0
C00068,45,Female,Irbid,Gold,28,1373.68,212.64,9,500.0,57,15,0.159,0.636,4,1,0,0,Digital Wallet,0
C01198,60,Male,Zarqa,Silver,33,1362.67,79.29,6,404.86,15,14,0.188,0.662,3,2,0,0,Card,0
